Workbook

Sheet Sample Email
A1: Top Score Writing TEACHER Implementation Form
A3: District | B3: School | C3: Principal
A4: Top Score ISD | B4: Expository Elementary | C4: Dr. Informative
A6: First Name | B6: Last Name | C6: Email Address | D6: Grade
A7: Opinion | B7: Argumentative | C7: OArgumentative@ExpositoryElementary.com | D7: 4
A8: Expository | B8: Planning | C8: EPlanning@ExpositoryElementary.com | D8: 4
A9: Transition | B9: Words | C9: Twords@ExpositoryElementary.com | D9: 4

Sheet Courses Legend
A1: Course Lists
B3: Grade | C3: Teacher Resources | E3: Grade | F3: Sections | H3: Grade | I3: Boot Camp | K3: Professional Development | M3: Grade | N3: Boot Camp
B4: 2 | C4: 2nd Grade Teacher Lessons and Activities | E4: 2 | F4: 2nd Grade Animated Lessons | H4: 3 | I4: Grade 3 Boot Camp | K4: Professional Development | M4: 3 | N4: 3rd Grade (Homeschool)
B5: 3 | C5: 3rd Grade Teacher Lessons and Activities | E5: 3 | F5: 3rd Grade Animated Lessons | H5: 4 | I5: Grade 4 Boot Camp | K5: Middle School Professional Development | M5: 4 | N5: 4th Grade Animated Lessons (Homeschool)
B6: 4 | C6: 4th Grade Teacher Lessons and Activities | E6: 4 | F6: 4th Grade Animated Lessons | H6: 5 | I6: Grade 5 Boot Camp | M6: 5 | N6: 5th grade Animated Lessons (Homeschool)
B7: 5 | C7: 5th Grade Teacher Lessons and Activities | E7: 5 | F7: 5th grade Animated Lessons
B8: 6 | C8: Middle School Teacher Lessons and Activities | E8: 6 | F8: Middle School Animated Lessons
B9: 7 | C9: Middle School Teacher Lessons and Activities | E9: 7 | F9: Middle School Animated Lessons
B10: 8 | C10: Middle School Teacher Lessons and Activities | E10: 8 | F10: Middle School Animated Lessons
B11: MS | C11: Middle School Teacher Lessons and Activities | E11: MS | F11: Middle School Animated Lessons
B12: 9 | C12: High School Teacher Lessons and Activities | E12: 9 | F12: 9th-12th Grade Animated Lessons
B13: 10 | C13: High School Teacher Lessons and Activities | E13: 10 | F13: 9th-12th Grade Animated Lessons
B14: 11 | C14: High School Teacher Lessons and Activities | E14: 11 | F14: 9th-12th Grade Animated Lessons
B15: 12 | C15: High School Teacher Lessons and Activities | E15: 12 | F15: 9th-12th Grade Animated Lessons
B16: HS | C16: High School Teacher Lessons and Activities | E16: HS | F16: 9th-12th Grade Animated Lessons

Sheet Educator
A1: Top Score Writing TEACHER Implementation Form | F1: Please fill out all requested information and email to Digital@topscorewriting.com | K1: UID-
F2: Important Notes | K2: CID-
A3: District | B3: School | C3: Point of Contact Email | F3: 1. This form is for TEACHERS ONLY. | K3: EID-
B4: F L H
F5: 3. See the Tabs below for samples of how to fill out the forms using Email.
A6: First Name | B6: Last Name | C6: Email Address | D6: Grade | F6: 4. Please save the file using the following format: Top Score Teacher_SCHOOL NAME.
D7: 1 | F7: 5. If the information is not filled out correctly on this form it could delay your digital implementation.
D8: 2 | F8: If you have any questions you can email Digital@topscorewriting.com or call 954-805-5806 Ext 3
D9: 3
D10: 4
D11: 5
D12: 6
D13: 7
D14: 8

Sheet Users
A1: user_id | B1: integration_id | C1: login_id | D1: password | E1: first_name | F1: last_name | G1: full_name | H1: sortable_name | I1: short_name | J1: email | K1: status
A2: =Educator!$K$1& (LEFT(Educator!$B$4)&MID(Educator!$B$4,FIND("#",SUBSTITUTE(Educator!$B$4&" "," ","#",1))+1,1)&MID(Educator!$B$4,FIND("#",SUBSTITUTE(Educator!$B$4&" "," ","#",2))+1,1))&MID(Educator!$B$4,FIND("#",SUBSTITUTE(Educator!$B$4&" "," ","#",3))+1,1)&"-"&LEFT(Educator!B7, 3)&"-"&LEFT(Educator!A7, 3)&"-"&"2027" -> UID-FLH---2027 | C2: =Educator!C7 -> 0 | D2: =IF(C2>0,"topscore123") -> FALSE | E2: =Educator!A7 -> 0 | F2: =Educator!B7 -> 0 | G2: =Educator!A7 &" " &Educator!B7 | J2: =Educator!C7 -> 0 | K2: =IF(C2>0,"active") -> FALSE
A3: =Educator!$K$1& (LEFT(Educator!$B$4)&MID(Educator!$B$4,FIND("#",SUBSTITUTE(Educator!$B$4&" "," ","#",1))+1,1)&MID(Educator!$B$4,FIND("#",SUBSTITUTE(Educator!$B$4&" "," ","#",2))+1,1))&MID(Educator!$B$4,FIND("#",SUBSTITUTE(Educator!$B$4&" "," ","#",3))+1,1)&"-"&LEFT(Educator!B8, 3)&"-"&LEFT(Educator!A8, 3)&"-"&"2027" -> UID-FLH---2027 | C3: =Educator!C8 -> 0 | D3: =IF(C3>0,"topscore123") -> FALSE | E3: =Educator!A8 -> 0 | F3: =Educator!B8 -> 0 | G3: =Educator!A8 &" " &Educator!B8 | J3: =Educator!C8 -> 0 | K3: =IF(C3>0,"active") -> FALSE
A4: =Educator!$K$1& (LEFT(Educator!$B$4)&MID(Educator!$B$4,FIND("#",SUBSTITUTE(Educator!$B$4&" "," ","#",1))+1,1)&MID(Educator!$B$4,FIND("#",SUBSTITUTE(Educator!$B$4&" "," ","#",2))+1,1))&MID(Educator!$B$4,FIND("#",SUBSTITUTE(Educator!$B$4&" "," ","#",3))+1,1)&"-"&LEFT(Educator!B9, 3)&"-"&LEFT(Educator!A9, 3)&"-"&"2027" -> UID-FLH---2027 | C4: =Educator!C9 -> 0 | D4: =IF(C4>0,"topscore123") -> FALSE | E4: =Educator!A9 -> 0 | F4: =Educator!B9 -> 0 | G4: =Educator!A9 &" " &Educator!B9 | J4: =Educator!C9 -> 0 | K4: =IF(C4>0,"active") -> FALSE
A5: =Educator!$K$1& (LEFT(Educator!$B$4)&MID(Educator!$B$4,FIND("#",SUBSTITUTE(Educator!$B$4&" "," ","#",1))+1,1)&MID(Educator!$B$4,FIND("#",SUBSTITUTE(Educator!$B$4&" "," ","#",2))+1,1))&MID(Educator!$B$4,FIND("#",SUBSTITUTE(Educator!$B$4&" "," ","#",3))+1,1)&"-"&LEFT(Educator!B10, 3)&"-"&LEFT(Educator!A10, 3)&"-"&"2027" -> UID-FLH---2027 | C5: =Educator!C10 -> 0 | D5: =IF(C5>0,"topscore123") -> FALSE | E5: =Educator!A10 -> 0 | F5: =Educator!B10 -> 0 | G5: =Educator!A10 &" " &Educator!B10 | J5: =Educator!C10 -> 0 | K5: =IF(C5>0,"active") -> FALSE
A6: =Educator!$K$1& (LEFT(Educator!$B$4)&MID(Educator!$B$4,FIND("#",SUBSTITUTE(Educator!$B$4&" "," ","#",1))+1,1)&MID(Educator!$B$4,FIND("#",SUBSTITUTE(Educator!$B$4&" "," ","#",2))+1,1))&MID(Educator!$B$4,FIND("#",SUBSTITUTE(Educator!$B$4&" "," ","#",3))+1,1)&"-"&LEFT(Educator!B11, 3)&"-"&LEFT(Educator!A11, 3)&"-"&"2027" -> UID-FLH---2027 | C6: =Educator!C11 -> 0 | D6: =IF(C6>0,"topscore123") -> FALSE | E6: =Educator!A11 -> 0 | F6: =Educator!B11 -> 0 | G6: =Educator!A11 &" " &Educator!B11 | J6: =Educator!C11 -> 0 | K6: =IF(C6>0,"active") -> FALSE
A7: =Educator!$K$1& (LEFT(Educator!$B$4)&MID(Educator!$B$4,FIND("#",SUBSTITUTE(Educator!$B$4&" "," ","#",1))+1,1)&MID(Educator!$B$4,FIND("#",SUBSTITUTE(Educator!$B$4&" "," ","#",2))+1,1))&MID(Educator!$B$4,FIND("#",SUBSTITUTE(Educator!$B$4&" "," ","#",3))+1,1)&"-"&LEFT(Educator!B12, 3)&"-"&LEFT(Educator!A12, 3)&"-"&"2027" -> UID-FLH---2027 | C7: =Educator!C12 -> 0 | D7: =IF(C7>0,"topscore123") -> FALSE | E7: =Educator!A12 -> 0 | F7: =Educator!B12 -> 0 | G7: =Educator!A12 &" " &Educator!B12 | J7: =Educator!C12 -> 0 | K7: =IF(C7>0,"active") -> FALSE
A8: =Educator!$K$1& (LEFT(Educator!$B$4)&MID(Educator!$B$4,FIND("#",SUBSTITUTE(Educator!$B$4&" "," ","#",1))+1,1)&MID(Educator!$B$4,FIND("#",SUBSTITUTE(Educator!$B$4&" "," ","#",2))+1,1))&MID(Educator!$B$4,FIND("#",SUBSTITUTE(Educator!$B$4&" "," ","#",3))+1,1)&"-"&LEFT(Educator!B13, 3)&"-"&LEFT(Educator!A13, 3)&"-"&"2027" -> UID-FLH---2027 | C8: =Educator!C13 -> 0 | D8: =IF(C8>0,"topscore123") -> FALSE | E8: =Educator!A13 -> 0 | F8: =Educator!B13 -> 0 | G8: =Educator!A13 &" " &Educator!B13 | J8: =Educator!C13 -> 0 | K8: =IF(C8>0,"active") -> FALSE
A9: =Educator!$K$1& (LEFT(Educator!$B$4)&MID(Educator!$B$4,FIND("#",SUBSTITUTE(Educator!$B$4&" "," ","#",1))+1,1)&MID(Educator!$B$4,FIND("#",SUBSTITUTE(Educator!$B$4&" "," ","#",2))+1,1))&MID(Educator!$B$4,FIND("#",SUBSTITUTE(Educator!$B$4&" "," ","#",3))+1,1)&"-"&LEFT(Educator!B14, 3)&"-"&LEFT(Educator!A14, 3)&"-"&"2027" -> UID-FLH---2027 | C9: =Educator!C14 -> 0 | D9: =IF(C9>0,"topscore123") -> FALSE | E9: =Educator!A14 -> 0 | F9: =Educator!B14 -> 0 | G9: =Educator!A14 &" " &Educator!B14 | J9: =Educator!C14 -> 0 | K9: =IF(C9>0,"active") -> FALSE
A10: =Educator!$K$1& (LEFT(Educator!$B$4)&MID(Educator!$B$4,FIND("#",SUBSTITUTE(Educator!$B$4&" "," ","#",1))+1,1)&MID(Educator!$B$4,FIND("#",SUBSTITUTE(Educator!$B$4&" "," ","#",2))+1,1))&MID(Educator!$B$4,FIND("#",SUBSTITUTE(Educator!$B$4&" "," ","#",3))+1,1)&"-"&LEFT(Educator!B15, 3)&"-"&LEFT(Educator!A15, 3)&"-"&"2027" -> UID-FLH---2027 | C10: =Educator!C15 -> 0 | D10: =IF(C10>0,"topscore123") -> FALSE | E10: =Educator!A15 -> 0 | F10: =Educator!B15 -> 0 | G10: =Educator!A15 &" " &Educator!B15 | J10: =Educator!C15 -> 0 | K10: =IF(C10>0,"active") -> FALSE
A11: =Educator!$K$1& (LEFT(Educator!$B$4)&MID(Educator!$B$4,FIND("#",SUBSTITUTE(Educator!$B$4&" "," ","#",1))+1,1)&MID(Educator!$B$4,FIND("#",SUBSTITUTE(Educator!$B$4&" "," ","#",2))+1,1))&MID(Educator!$B$4,FIND("#",SUBSTITUTE(Educator!$B$4&" "," ","#",3))+1,1)&"-"&LEFT(Educator!B16, 3)&"-"&LEFT(Educator!A16, 3)&"-"&"2027" -> UID-FLH---2027 | C11: =Educator!C16 -> 0 | D11: =IF(C11>0,"topscore123") -> FALSE | E11: =Educator!A16 -> 0 | F11: =Educator!B16 -> 0 | G11: =Educator!A16 &" " &Educator!B16 | J11: =Educator!C16 -> 0 | K11: =IF(C11>0,"active") -> FALSE
A12: =Educator!$K$1& (LEFT(Educator!$B$4)&MID(Educator!$B$4,FIND("#",SUBSTITUTE(Educator!$B$4&" "," ","#",1))+1,1)&MID(Educator!$B$4,FIND("#",SUBSTITUTE(Educator!$B$4&" "," ","#",2))+1,1))&MID(Educator!$B$4,FIND("#",SUBSTITUTE(Educator!$B$4&" "," ","#",3))+1,1)&"-"&LEFT(Educator!B17, 3)&"-"&LEFT(Educator!A17, 3)&"-"&"2027" -> UID-FLH---2027 | C12: =Educator!C17 -> 0 | D12: =IF(C12>0,"topscore123") -> FALSE | E12: =Educator!A17 -> 0 | F12: =Educator!B17 -> 0 | G12: =Educator!A17 &" " &Educator!B17 | J12: =Educator!C17 -> 0 | K12: =IF(C12>0,"active") -> FALSE
A13: =Educator!$K$1& (LEFT(Educator!$B$4)&MID(Educator!$B$4,FIND("#",SUBSTITUTE(Educator!$B$4&" "," ","#",1))+1,1)&MID(Educator!$B$4,FIND("#",SUBSTITUTE(Educator!$B$4&" "," ","#",2))+1,1))&MID(Educator!$B$4,FIND("#",SUBSTITUTE(Educator!$B$4&" "," ","#",3))+1,1)&"-"&LEFT(Educator!B18, 3)&"-"&LEFT(Educator!A18, 3)&"-"&"2027" -> UID-FLH---2027 | C13: =Educator!C18 -> 0 | D13: =IF(C13>0,"topscore123") -> FALSE | E13: =Educator!A18 -> 0 | F13: =Educator!B18 -> 0 | G13: =Educator!A18 &" " &Educator!B18 | J13: =Educator!C18 -> 0 | K13: =IF(C13>0,"active") -> FALSE
... A649: =Educator!$K$1& (LEFT(Educator!$B$4)&MID(Educator!$B$4,FIND("#",SUBSTITUTE(Educator!$B$4&" "," ","#",1))+1,1)&MID(Educator!$B$4,FIND("#",SUBSTITUTE(Educator!$B$4&" "," ","#",2))+1,1))&MID(Educator!$B$4,FIND("#",SUBSTITUTE(Educator!$B$4&" "," ","#",3))+1,1)&"-"&LEFT(Educator!B654, 3)&"-"&LEFT(Educator!A654, 3)&"-"&"2027" -> UID-FLH---2027 | C649: =Educator!C654 -> 0 | D649: =IF(C649>0,"topscore123") -> FALSE | E649: =Educator!A654 -> 0 | F649: =Educator!B654 -> 0 | G649: =Educator!A654 &" " &Educator!B654 | J649: =Educator!C654 -> 0 | K649: =IF(C649>0,"active") -> FALSE

Sheet Courses
A1: course_id | B1: short_name | C1: long_name | D1: account_id | E1: term_id | F1: status | G1: start_date | H1: end_date | I1: course_format | J1: blueprint_course_id
A2: =Educator!$K$2& (LEFT(Educator!$B$4)&MID(Educator!$B$4,FIND("#",SUBSTITUTE(Educator!$B$4&" "," ","#",1))+1,1)&MID(Educator!$B$4,FIND("#",SUBSTITUTE(Educator!$B$4&" "," ","#",2))+1,1))&MID(Educator!$B$4,FIND("#",SUBSTITUTE(Educator!$B$4&" "," ","#",3))+1,1)&"-"&LEFT(Educator!B7, 3)&"-"&LEFT(Educator!A7, 3)&"-"&IF(ISNUMBER(Educator!D7),"G"&Educator!D7,Educator!D7)&"-"&"2027" -> CID-FLH---G1-2027 | B2: {=Educator!B7&" "&_xlfn.IFS(AND(ISNUMBER(Educator!D7),Educator!D7<>9),"Grade "&Educator!D7,Educator!D7=9,"Grade 9-12",ISTEXT(Educator!D7),Educator!D7)&" "&"Florida"&" "&"26-27"} -> Grade 1 Florida 26-27 | C2: =B2 -> Grade 1 Florida 26-27 | E2: 26-27 Default | F2: =IF(Educator!B7>0,"active") -> FALSE | J2: ="BP-"&"TSWFL-"&IF(ISNUMBER(Educator!D7),"G"&Educator!D7,Educator!D7)&"-"&"2027" -> BP-TSWFL-G1-2027 | O2: Course-ID-Logic
A3: =Educator!$K$2& (LEFT(Educator!$B$4)&MID(Educator!$B$4,FIND("#",SUBSTITUTE(Educator!$B$4&" "," ","#",1))+1,1)&MID(Educator!$B$4,FIND("#",SUBSTITUTE(Educator!$B$4&" "," ","#",2))+1,1))&MID(Educator!$B$4,FIND("#",SUBSTITUTE(Educator!$B$4&" "," ","#",3))+1,1)&"-"&LEFT(Educator!B8, 3)&"-"&LEFT(Educator!A8, 3)&"-"&IF(ISNUMBER(Educator!D8),"G"&Educator!D8,Educator!D8)&"-"&"2027" -> CID-FLH---G2-2027 | B3: {=Educator!B8&" "&_xlfn.IFS(AND(ISNUMBER(Educator!D8),Educator!D8<>9),"Grade "&Educator!D8,Educator!D8=9,"Grade 9-12",ISTEXT(Educator!D8),Educator!D8)&" "&"Florida"&" "&"26-27"} -> Grade 2 Florida 26-27 | C3: =B3 -> Grade 2 Florida 26-27 | E3: 26-27 Default | F3: =IF(Educator!B8>0,"active") -> FALSE | J3: ="BP-"&"TSWFL-"&IF(ISNUMBER(Educator!D8),""&Educator!D8,Educator!D8)&"-"&"2027" -> BP-TSWFL-2-2027 | O3: CID-school initials-teacher first two initials of last name-teacher first two initials of first name-Grade Level (represented as G#)-2021
A4: =Educator!$K$2& (LEFT(Educator!$B$4)&MID(Educator!$B$4,FIND("#",SUBSTITUTE(Educator!$B$4&" "," ","#",1))+1,1)&MID(Educator!$B$4,FIND("#",SUBSTITUTE(Educator!$B$4&" "," ","#",2))+1,1))&MID(Educator!$B$4,FIND("#",SUBSTITUTE(Educator!$B$4&" "," ","#",3))+1,1)&"-"&LEFT(Educator!B9, 3)&"-"&LEFT(Educator!A9, 3)&"-"&IF(ISNUMBER(Educator!D9),"G"&Educator!D9,Educator!D9)&"-"&"2027" -> CID-FLH---G3-2027 | B4: {=Educator!B9&" "&_xlfn.IFS(AND(ISNUMBER(Educator!D9),Educator!D9<>9),"Grade "&Educator!D9,Educator!D9=9,"Grade 9-12",ISTEXT(Educator!D9),Educator!D9)&" "&"Florida"&" "&"26-27"} -> Grade 3 Florida 26-27 | C4: =B4 -> Grade 3 Florida 26-27 | E4: 26-27 Default | F4: =IF(Educator!B9>0,"active") -> FALSE | J4: ="BP-"&"TSWFL-"&IF(ISNUMBER(Educator!D9),""&Educator!D9,Educator!D9)&"-"&"2027" -> BP-TSWFL-3-2027
A5: =Educator!$K$2& (LEFT(Educator!$B$4)&MID(Educator!$B$4,FIND("#",SUBSTITUTE(Educator!$B$4&" "," ","#",1))+1,1)&MID(Educator!$B$4,FIND("#",SUBSTITUTE(Educator!$B$4&" "," ","#",2))+1,1))&MID(Educator!$B$4,FIND("#",SUBSTITUTE(Educator!$B$4&" "," ","#",3))+1,1)&"-"&LEFT(Educator!B10, 3)&"-"&LEFT(Educator!A10, 3)&"-"&IF(ISNUMBER(Educator!D10),"G"&Educator!D10,Educator!D10)&"-"&"2027" -> CID-FLH---G4-2027 | B5: {=Educator!B10&" "&_xlfn.IFS(AND(ISNUMBER(Educator!D10),Educator!D10<>9),"Grade "&Educator!D10,Educator!D10=9,"Grade 9-12",ISTEXT(Educator!D10),Educator!D10)&" "&"Florida"&" "&"26-27"} -> Grade 4 Florida 26-27 | C5: =B5 -> Grade 4 Florida 26-27 | E5: 26-27 Default | F5: =IF(Educator!B10>0,"active") -> FALSE | J5: ="BP-"&"TSWFL-"&IF(ISNUMBER(Educator!D10),""&Educator!D10,Educator!D10)&"-"&"2027" -> BP-TSWFL-4-2027 | O5: Short name logic
A6: =Educator!$K$2& (LEFT(Educator!$B$4)&MID(Educator!$B$4,FIND("#",SUBSTITUTE(Educator!$B$4&" "," ","#",1))+1,1)&MID(Educator!$B$4,FIND("#",SUBSTITUTE(Educator!$B$4&" "," ","#",2))+1,1))&MID(Educator!$B$4,FIND("#",SUBSTITUTE(Educator!$B$4&" "," ","#",3))+1,1)&"-"&LEFT(Educator!B11, 3)&"-"&LEFT(Educator!A11, 3)&"-"&IF(ISNUMBER(Educator!D11),"G"&Educator!D11,Educator!D11)&"-"&"2027" -> CID-FLH---G5-2027 | B6: {=Educator!B11&" "&_xlfn.IFS(AND(ISNUMBER(Educator!D11),Educator!D11<>9),"Grade "&Educator!D11,Educator!D11=9,"Grade 9-12",ISTEXT(Educator!D11),Educator!D11)&" "&"Florida"&" "&"26-27"} -> Grade 5 Florida 26-27 | C6: =B6 -> Grade 5 Florida 26-27 | E6: 26-27 Default | F6: =IF(Educator!B11>0,"active") -> FALSE | J6: ="BP-"&"TSWFL-"&IF(ISNUMBER(Educator!D11),""&Educator!D11,Educator!D11)&"-"&"2027" -> BP-TSWFL-5-2027 | O6: Last name + grade level + 20-21
A7: =Educator!$K$2& (LEFT(Educator!$B$4)&MID(Educator!$B$4,FIND("#",SUBSTITUTE(Educator!$B$4&" "," ","#",1))+1,1)&MID(Educator!$B$4,FIND("#",SUBSTITUTE(Educator!$B$4&" "," ","#",2))+1,1))&MID(Educator!$B$4,FIND("#",SUBSTITUTE(Educator!$B$4&" "," ","#",3))+1,1)&"-"&LEFT(Educator!B12, 3)&"-"&LEFT(Educator!A12, 3)&"-"&IF(ISNUMBER(Educator!D12),"G"&Educator!D12,Educator!D12)&"-"&"2027" -> CID-FLH---G6-2027 | B7: {=Educator!B12&" "&_xlfn.IFS(AND(ISNUMBER(Educator!D12),Educator!D12<>9),"Grade "&Educator!D12,Educator!D12=9,"Grade 9-12",ISTEXT(Educator!D12),Educator!D12)&" "&"Florida"&" "&"26-27"} -> Grade 6 Florida 26-27 | C7: =B7 -> Grade 6 Florida 26-27 | E7: 26-27 Default | F7: =IF(Educator!B12>0,"active") -> FALSE | J7: ="BP-"&"TSWFL-"&IF(ISNUMBER(Educator!D12),""&Educator!D12,Educator!D12)&"-"&"2027" -> BP-TSWFL-6-2027
A8: =Educator!$K$2& (LEFT(Educator!$B$4)&MID(Educator!$B$4,FIND("#",SUBSTITUTE(Educator!$B$4&" "," ","#",1))+1,1)&MID(Educator!$B$4,FIND("#",SUBSTITUTE(Educator!$B$4&" "," ","#",2))+1,1))&MID(Educator!$B$4,FIND("#",SUBSTITUTE(Educator!$B$4&" "," ","#",3))+1,1)&"-"&LEFT(Educator!B13, 3)&"-"&LEFT(Educator!A13, 3)&"-"&IF(ISNUMBER(Educator!D13),"G"&Educator!D13,Educator!D13)&"-"&"2027" -> CID-FLH---G7-2027 | B8: {=Educator!B13&" "&_xlfn.IFS(AND(ISNUMBER(Educator!D13),Educator!D13<>9),"Grade "&Educator!D13,Educator!D13=9,"Grade 9-12",ISTEXT(Educator!D13),Educator!D13)&" "&"Florida"&" "&"26-27"} -> Grade 7 Florida 26-27 | C8: =B8 -> Grade 7 Florida 26-27 | E8: 26-27 Default | F8: =IF(Educator!B13>0,"active") -> FALSE | J8: ="BP-"&"TSWFL-"&IF(ISNUMBER(Educator!D13),""&Educator!D13,Educator!D13)&"-"&"2027" -> BP-TSWFL-7-2027 | O8: Long name logic
A9: =Educator!$K$2& (LEFT(Educator!$B$4)&MID(Educator!$B$4,FIND("#",SUBSTITUTE(Educator!$B$4&" "," ","#",1))+1,1)&MID(Educator!$B$4,FIND("#",SUBSTITUTE(Educator!$B$4&" "," ","#",2))+1,1))&MID(Educator!$B$4,FIND("#",SUBSTITUTE(Educator!$B$4&" "," ","#",3))+1,1)&"-"&LEFT(Educator!B14, 3)&"-"&LEFT(Educator!A14, 3)&"-"&IF(ISNUMBER(Educator!D14),"G"&Educator!D14,Educator!D14)&"-"&"2027" -> CID-FLH---G8-2027 | B9: {=Educator!B14&" "&_xlfn.IFS(AND(ISNUMBER(Educator!D14),Educator!D14<>9),"Grade "&Educator!D14,Educator!D14=9,"Grade 9-12",ISTEXT(Educator!D14),Educator!D14)&" "&"Florida"&" "&"26-27"} -> Grade 8 Florida 26-27 | C9: =B9 -> Grade 8 Florida 26-27 | E9: 26-27 Default | F9: =IF(Educator!B14>0,"active") -> FALSE | J9: ="BP-"&"TSWFL-"&IF(ISNUMBER(Educator!D14),""&Educator!D14,Educator!D14)&"-"&"2027" -> BP-TSWFL-8-2027 | O9: Same as short name
A10: =Educator!$K$2& (LEFT(Educator!$B$4)&MID(Educator!$B$4,FIND("#",SUBSTITUTE(Educator!$B$4&" "," ","#",1))+1,1)&MID(Educator!$B$4,FIND("#",SUBSTITUTE(Educator!$B$4&" "," ","#",2))+1,1))&MID(Educator!$B$4,FIND("#",SUBSTITUTE(Educator!$B$4&" "," ","#",3))+1,1)&"-"&LEFT(Educator!B15, 3)&"-"&LEFT(Educator!A15, 3)&"-"&IF(ISNUMBER(Educator!D15),"G"&Educator!D15,Educator!D15)&"-"&"2027" -> CID-FLH----2027 | B10: {=Educator!B15&" "&_xlfn.IFS(AND(ISNUMBER(Educator!D15),Educator!D15<>9),"Grade "&Educator!D15,Educator!D15=9,"Grade 9-12",ISTEXT(Educator!D15),Educator!D15)&" "&"Florida"&" "&"26-27"} -> #N/A | C10: =B10 -> #N/A | E10: 26-27 Default | F10: =IF(Educator!B15>0,"active") -> FALSE | J10: ="BP-"&"TSWFL-"&IF(ISNUMBER(Educator!D15),""&Educator!D15,Educator!D15)&"-"&"2027" -> BP-TSWFL--2027
A11: =Educator!$K$2& (LEFT(Educator!$B$4)&MID(Educator!$B$4,FIND("#",SUBSTITUTE(Educator!$B$4&" "," ","#",1))+1,1)&MID(Educator!$B$4,FIND("#",SUBSTITUTE(Educator!$B$4&" "," ","#",2))+1,1))&MID(Educator!$B$4,FIND("#",SUBSTITUTE(Educator!$B$4&" "," ","#",3))+1,1)&"-"&LEFT(Educator!B16, 3)&"-"&LEFT(Educator!A16, 3)&"-"&IF(ISNUMBER(Educator!D16),"G"&Educator!D16,Educator!D16)&"-"&"2027" -> CID-FLH----2027 | B11: {=Educator!B16&" "&_xlfn.IFS(AND(ISNUMBER(Educator!D16),Educator!D16<>9),"Grade "&Educator!D16,Educator!D16=9,"Grade 9-12",ISTEXT(Educator!D16),Educator!D16)&" "&"Florida"&" "&"26-27"} -> #N/A | C11: =B11 -> #N/A | E11: 26-27 Default | F11: =IF(Educator!B16>0,"active") -> FALSE | J11: ="BP-"&"TSWFL-"&IF(ISNUMBER(Educator!D16),""&Educator!D16,Educator!D16)&"-"&"2027" -> BP-TSWFL--2027 | O11: Status logic
A12: =Educator!$K$2& (LEFT(Educator!$B$4)&MID(Educator!$B$4,FIND("#",SUBSTITUTE(Educator!$B$4&" "," ","#",1))+1,1)&MID(Educator!$B$4,FIND("#",SUBSTITUTE(Educator!$B$4&" "," ","#",2))+1,1))&MID(Educator!$B$4,FIND("#",SUBSTITUTE(Educator!$B$4&" "," ","#",3))+1,1)&"-"&LEFT(Educator!B17, 3)&"-"&LEFT(Educator!A17, 3)&"-"&IF(ISNUMBER(Educator!D17),"G"&Educator!D17,Educator!D17)&"-"&"2027" -> CID-FLH----2027 | B12: {=Educator!B17&" "&_xlfn.IFS(AND(ISNUMBER(Educator!D17),Educator!D17<>9),"Grade "&Educator!D17,Educator!D17=9,"Grade 9-12",ISTEXT(Educator!D17),Educator!D17)&" "&"Florida"&" "&"26-27"} -> #N/A | C12: =B12 -> #N/A | E12: 26-27 Default | F12: =IF(Educator!B17>0,"active") -> FALSE | J12: ="BP-"&"TSWFL-"&IF(ISNUMBER(Educator!D17),""&Educator!D17,Educator!D17)&"-"&"2027" -> BP-TSWFL--2027 | O12: Active
A13: =Educator!$K$2& (LEFT(Educator!$B$4)&MID(Educator!$B$4,FIND("#",SUBSTITUTE(Educator!$B$4&" "," ","#",1))+1,1)&MID(Educator!$B$4,FIND("#",SUBSTITUTE(Educator!$B$4&" "," ","#",2))+1,1))&MID(Educator!$B$4,FIND("#",SUBSTITUTE(Educator!$B$4&" "," ","#",3))+1,1)&"-"&LEFT(Educator!B18, 3)&"-"&LEFT(Educator!A18, 3)&"-"&IF(ISNUMBER(Educator!D18),"G"&Educator!D18,Educator!D18)&"-"&"2027" -> CID-FLH----2027 | B13: {=Educator!B18&" "&_xlfn.IFS(AND(ISNUMBER(Educator!D18),Educator!D18<>9),"Grade "&Educator!D18,Educator!D18=9,"Grade 9-12",ISTEXT(Educator!D18),Educator!D18)&" "&"Florida"&" "&"26-27"} -> #N/A | C13: =B13 -> #N/A | E13: 26-27 Default | F13: =IF(Educator!B18>0,"active") -> FALSE | J13: ="BP-"&"TSWFL-"&IF(ISNUMBER(Educator!D18),""&Educator!D18,Educator!D18)&"-"&"2027" -> BP-TSWFL--2027
A14: =Educator!$K$2& (LEFT(Educator!$B$4)&MID(Educator!$B$4,FIND("#",SUBSTITUTE(Educator!$B$4&" "," ","#",1))+1,1)&MID(Educator!$B$4,FIND("#",SUBSTITUTE(Educator!$B$4&" "," ","#",2))+1,1))&MID(Educator!$B$4,FIND("#",SUBSTITUTE(Educator!$B$4&" "," ","#",3))+1,1)&"-"&LEFT(Educator!B19, 3)&"-"&LEFT(Educator!A19, 3)&"-"&IF(ISNUMBER(Educator!D19),"G"&Educator!D19,Educator!D19)&"-"&"2027" -> CID-FLH----2027 | B14: {=Educator!B19&" "&_xlfn.IFS(AND(ISNUMBER(Educator!D19),Educator!D19<>9),"Grade "&Educator!D19,Educator!D19=9,"Grade 9-12",ISTEXT(Educator!D19),Educator!D19)&" "&"Florida"&" "&"26-27"} -> #N/A | C14: =B14 -> #N/A | E14: 26-27 Default | F14: =IF(Educator!B19>0,"active") -> FALSE | J14: ="BP-"&"TSWFL-"&IF(ISNUMBER(Educator!D19),""&Educator!D19,Educator!D19)&"-"&"2027" -> BP-TSWFL--2027 | O14: Blueprint course ID logic
A15: =Educator!$K$2& (LEFT(Educator!$B$4)&MID(Educator!$B$4,FIND("#",SUBSTITUTE(Educator!$B$4&" "," ","#",1))+1,1)&MID(Educator!$B$4,FIND("#",SUBSTITUTE(Educator!$B$4&" "," ","#",2))+1,1))&MID(Educator!$B$4,FIND("#",SUBSTITUTE(Educator!$B$4&" "," ","#",3))+1,1)&"-"&LEFT(Educator!B20, 3)&"-"&LEFT(Educator!A20, 3)&"-"&IF(ISNUMBER(Educator!D20),"G"&Educator!D20,Educator!D20)&"-"&"2027" -> CID-FLH----2027 | B15: {=Educator!B20&" "&_xlfn.IFS(AND(ISNUMBER(Educator!D20),Educator!D20<>9),"Grade "&Educator!D20,Educator!D20=9,"Grade 9-12",ISTEXT(Educator!D20),Educator!D20)&" "&"Florida"&" "&"26-27"} -> #N/A | C15: =B15 -> #N/A | E15: 26-27 Default | F15: =IF(Educator!B20>0,"active") -> FALSE | J15: ="BP-"&"TSWFL-"&IF(ISNUMBER(Educator!D20),""&Educator!D20,Educator!D20)&"-"&"2027" -> BP-TSWFL--2027 | O15: SIS ID to match grade
A16: =Educator!$K$2& (LEFT(Educator!$B$4)&MID(Educator!$B$4,FIND("#",SUBSTITUTE(Educator!$B$4&" "," ","#",1))+1,1)&MID(Educator!$B$4,FIND("#",SUBSTITUTE(Educator!$B$4&" "," ","#",2))+1,1))&MID(Educator!$B$4,FIND("#",SUBSTITUTE(Educator!$B$4&" "," ","#",3))+1,1)&"-"&LEFT(Educator!B21, 3)&"-"&LEFT(Educator!A21, 3)&"-"&IF(ISNUMBER(Educator!D21),"G"&Educator!D21,Educator!D21)&"-"&"2027" -> CID-FLH----2027 | B16: {=Educator!B21&" "&_xlfn.IFS(AND(ISNUMBER(Educator!D21),Educator!D21<>9),"Grade "&Educator!D21,Educator!D21=9,"Grade 9-12",ISTEXT(Educator!D21),Educator!D21)&" "&"Florida"&" "&"26-27"} -> #N/A | C16: =B16 -> #N/A | E16: 26-27 Default | F16: =IF(Educator!B21>0,"active") -> FALSE | J16: ="BP-"&"TSWFL-"&IF(ISNUMBER(Educator!D21),""&Educator!D21,Educator!D21)&"-"&"2027" -> BP-TSWFL--2027
A17: =Educator!$K$2& (LEFT(Educator!$B$4)&MID(Educator!$B$4,FIND("#",SUBSTITUTE(Educator!$B$4&" "," ","#",1))+1,1)&MID(Educator!$B$4,FIND("#",SUBSTITUTE(Educator!$B$4&" "," ","#",2))+1,1))&MID(Educator!$B$4,FIND("#",SUBSTITUTE(Educator!$B$4&" "," ","#",3))+1,1)&"-"&LEFT(Educator!B22, 3)&"-"&LEFT(Educator!A22, 3)&"-"&IF(ISNUMBER(Educator!D22),"G"&Educator!D22,Educator!D22)&"-"&"2027" -> CID-FLH----2027 | B17: {=Educator!B22&" "&_xlfn.IFS(AND(ISNUMBER(Educator!D22),Educator!D22<>9),"Grade "&Educator!D22,Educator!D22=9,"Grade 9-12",ISTEXT(Educator!D22),Educator!D22)&" "&"Florida"&" "&"26-27"} -> #N/A | C17: =B17 -> #N/A | E17: 26-27 Default | F17: =IF(Educator!B22>0,"active") -> FALSE | J17: ="BP-"&"TSWFL-"&IF(ISNUMBER(Educator!D22),""&Educator!D22,Educator!D22)&"-"&"2027" -> BP-TSWFL--2027
A18: =Educator!$K$2& (LEFT(Educator!$B$4)&MID(Educator!$B$4,FIND("#",SUBSTITUTE(Educator!$B$4&" "," ","#",1))+1,1)&MID(Educator!$B$4,FIND("#",SUBSTITUTE(Educator!$B$4&" "," ","#",2))+1,1))&MID(Educator!$B$4,FIND("#",SUBSTITUTE(Educator!$B$4&" "," ","#",3))+1,1)&"-"&LEFT(Educator!B23, 3)&"-"&LEFT(Educator!A23, 3)&"-"&IF(ISNUMBER(Educator!D23),"G"&Educator!D23,Educator!D23)&"-"&"2027" -> CID-FLH----2027 | B18: {=Educator!B23&" "&_xlfn.IFS(AND(ISNUMBER(Educator!D23),Educator!D23<>9),"Grade "&Educator!D23,Educator!D23=9,"Grade 9-12",ISTEXT(Educator!D23),Educator!D23)&" "&"Florida"&" "&"26-27"} -> #N/A | C18: =B18 -> #N/A | E18: 26-27 Default | F18: =IF(Educator!B23>0,"active") -> FALSE | J18: ="BP-"&"TSWFL-"&IF(ISNUMBER(Educator!D23),""&Educator!D23,Educator!D23)&"-"&"2027" -> BP-TSWFL--2027
A19: =Educator!$K$2& (LEFT(Educator!$B$4)&MID(Educator!$B$4,FIND("#",SUBSTITUTE(Educator!$B$4&" "," ","#",1))+1,1)&MID(Educator!$B$4,FIND("#",SUBSTITUTE(Educator!$B$4&" "," ","#",2))+1,1))&MID(Educator!$B$4,FIND("#",SUBSTITUTE(Educator!$B$4&" "," ","#",3))+1,1)&"-"&LEFT(Educator!B24, 3)&"-"&LEFT(Educator!A24, 3)&"-"&IF(ISNUMBER(Educator!D24),"G"&Educator!D24,Educator!D24)&"-"&"2027" -> CID-FLH----2027 | B19: {=Educator!B24&" "&_xlfn.IFS(AND(ISNUMBER(Educator!D24),Educator!D24<>9),"Grade "&Educator!D24,Educator!D24=9,"Grade 9-12",ISTEXT(Educator!D24),Educator!D24)&" "&"Florida"&" "&"26-27"} -> #N/A | C19: =B19 -> #N/A | E19: 26-27 Default | F19: =IF(Educator!B24>0,"active") -> FALSE | J19: ="BP-"&"TSWFL-"&IF(ISNUMBER(Educator!D24),""&Educator!D24,Educator!D24)&"-"&"2027" -> BP-TSWFL--2027
A20: =Educator!$K$2& (LEFT(Educator!$B$4)&MID(Educator!$B$4,FIND("#",SUBSTITUTE(Educator!$B$4&" "," ","#",1))+1,1)&MID(Educator!$B$4,FIND("#",SUBSTITUTE(Educator!$B$4&" "," ","#",2))+1,1))&MID(Educator!$B$4,FIND("#",SUBSTITUTE(Educator!$B$4&" "," ","#",3))+1,1)&"-"&LEFT(Educator!B25, 3)&"-"&LEFT(Educator!A25, 3)&"-"&IF(ISNUMBER(Educator!D25),"G"&Educator!D25,Educator!D25)&"-"&"2027" -> CID-FLH----2027 | B20: {=Educator!B25&" "&_xlfn.IFS(AND(ISNUMBER(Educator!D25),Educator!D25<>9),"Grade "&Educator!D25,Educator!D25=9,"Grade 9-12",ISTEXT(Educator!D25),Educator!D25)&" "&"Florida"&" "&"26-27"} -> #N/A | C20: =B20 -> #N/A | E20: 26-27 Default | F20: =IF(Educator!B25>0,"active") -> FALSE | J20: ="BP-"&"TSWFL-"&IF(ISNUMBER(Educator!D25),""&Educator!D25,Educator!D25)&"-"&"2027" -> BP-TSWFL--2027
A21: =Educator!$K$2& (LEFT(Educator!$B$4)&MID(Educator!$B$4,FIND("#",SUBSTITUTE(Educator!$B$4&" "," ","#",1))+1,1)&MID(Educator!$B$4,FIND("#",SUBSTITUTE(Educator!$B$4&" "," ","#",2))+1,1))&MID(Educator!$B$4,FIND("#",SUBSTITUTE(Educator!$B$4&" "," ","#",3))+1,1)&"-"&LEFT(Educator!B26, 3)&"-"&LEFT(Educator!A26, 3)&"-"&IF(ISNUMBER(Educator!D26),"G"&Educator!D26,Educator!D26)&"-"&"2027" -> CID-FLH----2027 | B21: {=Educator!B26&" "&_xlfn.IFS(AND(ISNUMBER(Educator!D26),Educator!D26<>9),"Grade "&Educator!D26,Educator!D26=9,"Grade 9-12",ISTEXT(Educator!D26),Educator!D26)&" "&"Florida"&" "&"26-27"} -> #N/A | C21: =B21 -> #N/A | E21: 26-27 Default | F21: =IF(Educator!B26>0,"active") -> FALSE | J21: ="BP-"&"TSWFL-"&IF(ISNUMBER(Educator!D26),""&Educator!D26,Educator!D26)&"-"&"2027" -> BP-TSWFL--2027
A22: =Educator!$K$2& (LEFT(Educator!$B$4)&MID(Educator!$B$4,FIND("#",SUBSTITUTE(Educator!$B$4&" "," ","#",1))+1,1)&MID(Educator!$B$4,FIND("#",SUBSTITUTE(Educator!$B$4&" "," ","#",2))+1,1))&MID(Educator!$B$4,FIND("#",SUBSTITUTE(Educator!$B$4&" "," ","#",3))+1,1)&"-"&LEFT(Educator!B27, 3)&"-"&LEFT(Educator!A27, 3)&"-"&IF(ISNUMBER(Educator!D27),"G"&Educator!D27,Educator!D27)&"-"&"2027" -> CID-FLH----2027 | B22: {=Educator!B27&" "&_xlfn.IFS(AND(ISNUMBER(Educator!D27),Educator!D27<>9),"Grade "&Educator!D27,Educator!D27=9,"Grade 9-12",ISTEXT(Educator!D27),Educator!D27)&" "&"Florida"&" "&"26-27"} -> #N/A | C22: =B22 -> #N/A | E22: 26-27 Default | F22: =IF(Educator!B27>0,"active") -> FALSE | J22: ="BP-"&"TSWFL-"&IF(ISNUMBER(Educator!D27),""&Educator!D27,Educator!D27)&"-"&"2027" -> BP-TSWFL--2027
A23: =Educator!$K$2& (LEFT(Educator!$B$4)&MID(Educator!$B$4,FIND("#",SUBSTITUTE(Educator!$B$4&" "," ","#",1))+1,1)&MID(Educator!$B$4,FIND("#",SUBSTITUTE(Educator!$B$4&" "," ","#",2))+1,1))&MID(Educator!$B$4,FIND("#",SUBSTITUTE(Educator!$B$4&" "," ","#",3))+1,1)&"-"&LEFT(Educator!B28, 3)&"-"&LEFT(Educator!A28, 3)&"-"&IF(ISNUMBER(Educator!D28),"G"&Educator!D28,Educator!D28)&"-"&"2027" -> CID-FLH----2027 | B23: {=Educator!B28&" "&_xlfn.IFS(AND(ISNUMBER(Educator!D28),Educator!D28<>9),"Grade "&Educator!D28,Educator!D28=9,"Grade 9-12",ISTEXT(Educator!D28),Educator!D28)&" "&"Florida"&" "&"26-27"} -> #N/A | C23: =B23 -> #N/A | E23: 26-27 Default | F23: =IF(Educator!B28>0,"active") -> FALSE | J23: ="BP-"&"TSWFL-"&IF(ISNUMBER(Educator!D28),""&Educator!D28,Educator!D28)&"-"&"2027" -> BP-TSWFL--2027
A24: =Educator!$K$2& (LEFT(Educator!$B$4)&MID(Educator!$B$4,FIND("#",SUBSTITUTE(Educator!$B$4&" "," ","#",1))+1,1)&MID(Educator!$B$4,FIND("#",SUBSTITUTE(Educator!$B$4&" "," ","#",2))+1,1))&MID(Educator!$B$4,FIND("#",SUBSTITUTE(Educator!$B$4&" "," ","#",3))+1,1)&"-"&LEFT(Educator!B29, 3)&"-"&LEFT(Educator!A29, 3)&"-"&IF(ISNUMBER(Educator!D29),"G"&Educator!D29,Educator!D29)&"-"&"2027" -> CID-FLH----2027 | B24: {=Educator!B29&" "&_xlfn.IFS(AND(ISNUMBER(Educator!D29),Educator!D29<>9),"Grade "&Educator!D29,Educator!D29=9,"Grade 9-12",ISTEXT(Educator!D29),Educator!D29)&" "&"Florida"&" "&"26-27"} -> #N/A | C24: =B24 -> #N/A | E24: 26-27 Default | F24: =IF(Educator!B29>0,"active") -> FALSE | J24: ="BP-"&"TSWFL-"&IF(ISNUMBER(Educator!D29),""&Educator!D29,Educator!D29)&"-"&"2027" -> BP-TSWFL--2027
A25: =Educator!$K$2& (LEFT(Educator!$B$4)&MID(Educator!$B$4,FIND("#",SUBSTITUTE(Educator!$B$4&" "," ","#",1))+1,1)&MID(Educator!$B$4,FIND("#",SUBSTITUTE(Educator!$B$4&" "," ","#",2))+1,1))&MID(Educator!$B$4,FIND("#",SUBSTITUTE(Educator!$B$4&" "," ","#",3))+1,1)&"-"&LEFT(Educator!B30, 3)&"-"&LEFT(Educator!A30, 3)&"-"&IF(ISNUMBER(Educator!D30),"G"&Educator!D30,Educator!D30)&"-"&"2027" -> CID-FLH----2027 | B25: {=Educator!B30&" "&_xlfn.IFS(AND(ISNUMBER(Educator!D30),Educator!D30<>9),"Grade "&Educator!D30,Educator!D30=9,"Grade 9-12",ISTEXT(Educator!D30),Educator!D30)&" "&"Florida"&" "&"26-27"} -> #N/A | C25: =B25 -> #N/A | E25: 26-27 Default | F25: =IF(Educator!B30>0,"active") -> FALSE | J25: ="BP-"&"TSWFL-"&IF(ISNUMBER(Educator!D30),""&Educator!D30,Educator!D30)&"-"&"2027" -> BP-TSWFL--2027
A26: =Educator!$K$2& (LEFT(Educator!$B$4)&MID(Educator!$B$4,FIND("#",SUBSTITUTE(Educator!$B$4&" "," ","#",1))+1,1)&MID(Educator!$B$4,FIND("#",SUBSTITUTE(Educator!$B$4&" "," ","#",2))+1,1))&MID(Educator!$B$4,FIND("#",SUBSTITUTE(Educator!$B$4&" "," ","#",3))+1,1)&"-"&LEFT(Educator!B31, 3)&"-"&LEFT(Educator!A31, 3)&"-"&IF(ISNUMBER(Educator!D31),"G"&Educator!D31,Educator!D31)&"-"&"2027" -> CID-FLH----2027 | B26: {=Educator!B31&" "&_xlfn.IFS(AND(ISNUMBER(Educator!D31),Educator!D31<>9),"Grade "&Educator!D31,Educator!D31=9,"Grade 9-12",ISTEXT(Educator!D31),Educator!D31)&" "&"Florida"&" "&"26-27"} -> #N/A | C26: =B26 -> #N/A | E26: 26-27 Default | F26: =IF(Educator!B31>0,"active") -> FALSE | J26: ="BP-"&"TSWFL-"&IF(ISNUMBER(Educator!D31),""&Educator!D31,Educator!D31)&"-"&"2027" -> BP-TSWFL--2027
A27: =Educator!$K$2& (LEFT(Educator!$B$4)&MID(Educator!$B$4,FIND("#",SUBSTITUTE(Educator!$B$4&" "," ","#",1))+1,1)&MID(Educator!$B$4,FIND("#",SUBSTITUTE(Educator!$B$4&" "," ","#",2))+1,1))&MID(Educator!$B$4,FIND("#",SUBSTITUTE(Educator!$B$4&" "," ","#",3))+1,1)&"-"&LEFT(Educator!B32, 3)&"-"&LEFT(Educator!A32, 3)&"-"&IF(ISNUMBER(Educator!D32),"G"&Educator!D32,Educator!D32)&"-"&"2027" -> CID-FLH----2027 | B27: {=Educator!B32&" "&_xlfn.IFS(AND(ISNUMBER(Educator!D32),Educator!D32<>9),"Grade "&Educator!D32,Educator!D32=9,"Grade 9-12",ISTEXT(Educator!D32),Educator!D32)&" "&"Florida"&" "&"26-27"} -> #N/A | C27: =B27 -> #N/A | E27: 26-27 Default | F27: =IF(Educator!B32>0,"active") -> FALSE | J27: ="BP-"&"TSWFL-"&IF(ISNUMBER(Educator!D32),""&Educator!D32,Educator!D32)&"-"&"2027" -> BP-TSWFL--2027
... A649: =Educator!$K$2& (LEFT(Educator!$B$4)&MID(Educator!$B$4,FIND("#",SUBSTITUTE(Educator!$B$4&" "," ","#",1))+1,1)&MID(Educator!$B$4,FIND("#",SUBSTITUTE(Educator!$B$4&" "," ","#",2))+1,1))&MID(Educator!$B$4,FIND("#",SUBSTITUTE(Educator!$B$4&" "," ","#",3))+1,1)&"-"&LEFT(Educator!B654, 3)&"-"&LEFT(Educator!A654, 3)&"-"&IF(ISNUMBER(Educator!D654),"G"&Educator!D654,Educator!D654)&"-"&"2027" -> CID-FLH----2027 | B649: {=Educator!B654&" "&_xlfn.IFS(AND(ISNUMBER(Educator!D654),Educator!D654<>9),"Grade "&Educator!D654,Educator!D654=9,"Grade 9-12",ISTEXT(Educator!D654),Educator!D654)&" "&"Florida"&" "&"26-27"} -> #N/A | C649: =B649 -> #N/A | E649: 26-27 Default | F649: =IF(Educator!B654>0,"active") -> FALSE | J649: ="BP-"&"TSWFL-"&IF(ISNUMBER(Educator!D654),""&Educator!D654,Educator!D654)&"-"&"2027" -> BP-TSWFL--2027

Sheet Enrollment
A1: course_id | B1: root_account | C1: user_id | D1: role | E1: role_id | F1: section_id | G1: status | H1: associated_user_id | I1: limit_section_privileges
A2: =Educator!$K$2& (LEFT(Educator!$B$4)&MID(Educator!$B$4,FIND("#",SUBSTITUTE(Educator!$B$4&" "," ","#",1))+1,1)&MID(Educator!$B$4,FIND("#",SUBSTITUTE(Educator!$B$4&" "," ","#",2))+1,1))&MID(Educator!$B$4,FIND("#",SUBSTITUTE(Educator!$B$4&" "," ","#",3))+1,1)&"-"&LEFT(Educator!B7, 3)&"-"&LEFT(Educator!A7, 3)&"-"&IF(ISNUMBER(Educator!D7),"G"&Educator!D7,Educator!D7)&"-"&"2027" -> CID-FLH---G1-2027 | B2: =IF(Educator!A7>0,"topscorewriting.instructure.com") -> FALSE | C2: =Users!A2 -> UID-FLH---2027 | D2: Educator | G2: =IF(Educator!B7>0,"active") -> FALSE | L2: Enrollment ID logic
A3: =Educator!$K$2& (LEFT(Educator!$B$4)&MID(Educator!$B$4,FIND("#",SUBSTITUTE(Educator!$B$4&" "," ","#",1))+1,1)&MID(Educator!$B$4,FIND("#",SUBSTITUTE(Educator!$B$4&" "," ","#",2))+1,1))&MID(Educator!$B$4,FIND("#",SUBSTITUTE(Educator!$B$4&" "," ","#",3))+1,1)&"-"&LEFT(Educator!B8, 3)&"-"&LEFT(Educator!A8, 3)&"-"&IF(ISNUMBER(Educator!D8),"G"&Educator!D8,Educator!D8)&"-"&"2027" -> CID-FLH---G2-2027 | B3: =IF(Educator!A8>0,"topscorewriting.instructure.com") -> FALSE | C3: =Users!A3 -> UID-FLH---2027 | D3: Educator | G3: =IF(Educator!B8>0,"active") -> FALSE | L3: Same as CID on course tab Cell A
A4: =Educator!$K$2& (LEFT(Educator!$B$4)&MID(Educator!$B$4,FIND("#",SUBSTITUTE(Educator!$B$4&" "," ","#",1))+1,1)&MID(Educator!$B$4,FIND("#",SUBSTITUTE(Educator!$B$4&" "," ","#",2))+1,1))&MID(Educator!$B$4,FIND("#",SUBSTITUTE(Educator!$B$4&" "," ","#",3))+1,1)&"-"&LEFT(Educator!B9, 3)&"-"&LEFT(Educator!A9, 3)&"-"&IF(ISNUMBER(Educator!D9),"G"&Educator!D9,Educator!D9)&"-"&"2027" -> CID-FLH---G3-2027 | B4: =IF(Educator!A9>0,"topscorewriting.instructure.com") -> FALSE | C4: =Users!A4 -> UID-FLH---2027 | D4: Educator | G4: =IF(Educator!B9>0,"active") -> FALSE
A5: =Educator!$K$2& (LEFT(Educator!$B$4)&MID(Educator!$B$4,FIND("#",SUBSTITUTE(Educator!$B$4&" "," ","#",1))+1,1)&MID(Educator!$B$4,FIND("#",SUBSTITUTE(Educator!$B$4&" "," ","#",2))+1,1))&MID(Educator!$B$4,FIND("#",SUBSTITUTE(Educator!$B$4&" "," ","#",3))+1,1)&"-"&LEFT(Educator!B10, 3)&"-"&LEFT(Educator!A10, 3)&"-"&IF(ISNUMBER(Educator!D10),"G"&Educator!D10,Educator!D10)&"-"&"2027" -> CID-FLH---G4-2027 | B5: =IF(Educator!A10>0,"topscorewriting.instructure.com") -> FALSE | C5: =Users!A5 -> UID-FLH---2027 | D5: Educator | G5: =IF(Educator!B10>0,"active") -> FALSE | L5: Root account
A6: =Educator!$K$2& (LEFT(Educator!$B$4)&MID(Educator!$B$4,FIND("#",SUBSTITUTE(Educator!$B$4&" "," ","#",1))+1,1)&MID(Educator!$B$4,FIND("#",SUBSTITUTE(Educator!$B$4&" "," ","#",2))+1,1))&MID(Educator!$B$4,FIND("#",SUBSTITUTE(Educator!$B$4&" "," ","#",3))+1,1)&"-"&LEFT(Educator!B11, 3)&"-"&LEFT(Educator!A11, 3)&"-"&IF(ISNUMBER(Educator!D11),"G"&Educator!D11,Educator!D11)&"-"&"2027" -> CID-FLH---G5-2027 | B6: =IF(Educator!A11>0,"topscorewriting.instructure.com") -> FALSE | C6: =Users!A6 -> UID-FLH---2027 | D6: Educator | G6: =IF(Educator!B11>0,"active") -> FALSE | L6: Always topscorewriting.instructure.com
A7: =Educator!$K$2& (LEFT(Educator!$B$4)&MID(Educator!$B$4,FIND("#",SUBSTITUTE(Educator!$B$4&" "," ","#",1))+1,1)&MID(Educator!$B$4,FIND("#",SUBSTITUTE(Educator!$B$4&" "," ","#",2))+1,1))&MID(Educator!$B$4,FIND("#",SUBSTITUTE(Educator!$B$4&" "," ","#",3))+1,1)&"-"&LEFT(Educator!B12, 3)&"-"&LEFT(Educator!A12, 3)&"-"&IF(ISNUMBER(Educator!D12),"G"&Educator!D12,Educator!D12)&"-"&"2027" -> CID-FLH---G6-2027 | B7: =IF(Educator!A12>0,"topscorewriting.instructure.com") -> FALSE | C7: =Users!A7 -> UID-FLH---2027 | D7: Educator | G7: =IF(Educator!B12>0,"active") -> FALSE
A8: =Educator!$K$2& (LEFT(Educator!$B$4)&MID(Educator!$B$4,FIND("#",SUBSTITUTE(Educator!$B$4&" "," ","#",1))+1,1)&MID(Educator!$B$4,FIND("#",SUBSTITUTE(Educator!$B$4&" "," ","#",2))+1,1))&MID(Educator!$B$4,FIND("#",SUBSTITUTE(Educator!$B$4&" "," ","#",3))+1,1)&"-"&LEFT(Educator!B13, 3)&"-"&LEFT(Educator!A13, 3)&"-"&IF(ISNUMBER(Educator!D13),"G"&Educator!D13,Educator!D13)&"-"&"2027" -> CID-FLH---G7-2027 | B8: =IF(Educator!A13>0,"topscorewriting.instructure.com") -> FALSE | C8: =Users!A8 -> UID-FLH---2027 | D8: Educator | G8: =IF(Educator!B13>0,"active") -> FALSE | L8: user ID logic
A9: =Educator!$K$2& (LEFT(Educator!$B$4)&MID(Educator!$B$4,FIND("#",SUBSTITUTE(Educator!$B$4&" "," ","#",1))+1,1)&MID(Educator!$B$4,FIND("#",SUBSTITUTE(Educator!$B$4&" "," ","#",2))+1,1))&MID(Educator!$B$4,FIND("#",SUBSTITUTE(Educator!$B$4&" "," ","#",3))+1,1)&"-"&LEFT(Educator!B14, 3)&"-"&LEFT(Educator!A14, 3)&"-"&IF(ISNUMBER(Educator!D14),"G"&Educator!D14,Educator!D14)&"-"&"2027" -> CID-FLH---G8-2027 | B9: =IF(Educator!A14>0,"topscorewriting.instructure.com") -> FALSE | C9: =Users!A9 -> UID-FLH---2027 | D9: Educator | G9: =IF(Educator!B14>0,"active") -> FALSE | L9: Same as user sheet cell A
A10: =Educator!$K$2& (LEFT(Educator!$B$4)&MID(Educator!$B$4,FIND("#",SUBSTITUTE(Educator!$B$4&" "," ","#",1))+1,1)&MID(Educator!$B$4,FIND("#",SUBSTITUTE(Educator!$B$4&" "," ","#",2))+1,1))&MID(Educator!$B$4,FIND("#",SUBSTITUTE(Educator!$B$4&" "," ","#",3))+1,1)&"-"&LEFT(Educator!B15, 3)&"-"&LEFT(Educator!A15, 3)&"-"&IF(ISNUMBER(Educator!D15),"G"&Educator!D15,Educator!D15)&"-"&"2027" -> CID-FLH----2027 | B10: =IF(Educator!A15>0,"topscorewriting.instructure.com") -> FALSE | C10: =Users!A10 -> UID-FLH---2027 | D10: Educator | G10: =IF(Educator!B15>0,"active") -> FALSE
A11: =Educator!$K$2& (LEFT(Educator!$B$4)&MID(Educator!$B$4,FIND("#",SUBSTITUTE(Educator!$B$4&" "," ","#",1))+1,1)&MID(Educator!$B$4,FIND("#",SUBSTITUTE(Educator!$B$4&" "," ","#",2))+1,1))&MID(Educator!$B$4,FIND("#",SUBSTITUTE(Educator!$B$4&" "," ","#",3))+1,1)&"-"&LEFT(Educator!B16, 3)&"-"&LEFT(Educator!A16, 3)&"-"&IF(ISNUMBER(Educator!D16),"G"&Educator!D16,Educator!D16)&"-"&"2027" -> CID-FLH----2027 | B11: =IF(Educator!A16>0,"topscorewriting.instructure.com") -> FALSE | C11: =Users!A11 -> UID-FLH---2027 | D11: Educator | G11: =IF(Educator!B16>0,"active") -> FALSE | L11: Role logic is always teacher
A12: =Educator!$K$2& (LEFT(Educator!$B$4)&MID(Educator!$B$4,FIND("#",SUBSTITUTE(Educator!$B$4&" "," ","#",1))+1,1)&MID(Educator!$B$4,FIND("#",SUBSTITUTE(Educator!$B$4&" "," ","#",2))+1,1))&MID(Educator!$B$4,FIND("#",SUBSTITUTE(Educator!$B$4&" "," ","#",3))+1,1)&"-"&LEFT(Educator!B17, 3)&"-"&LEFT(Educator!A17, 3)&"-"&IF(ISNUMBER(Educator!D17),"G"&Educator!D17,Educator!D17)&"-"&"2027" -> CID-FLH----2027 | B12: =IF(Educator!A17>0,"topscorewriting.instructure.com") -> FALSE | C12: =Users!A12 -> UID-FLH---2027 | D12: Educator | G12: =IF(Educator!B17>0,"active") -> FALSE
A13: =Educator!$K$2& (LEFT(Educator!$B$4)&MID(Educator!$B$4,FIND("#",SUBSTITUTE(Educator!$B$4&" "," ","#",1))+1,1)&MID(Educator!$B$4,FIND("#",SUBSTITUTE(Educator!$B$4&" "," ","#",2))+1,1))&MID(Educator!$B$4,FIND("#",SUBSTITUTE(Educator!$B$4&" "," ","#",3))+1,1)&"-"&LEFT(Educator!B18, 3)&"-"&LEFT(Educator!A18, 3)&"-"&IF(ISNUMBER(Educator!D18),"G"&Educator!D18,Educator!D18)&"-"&"2027" -> CID-FLH----2027 | B13: =IF(Educator!A18>0,"topscorewriting.instructure.com") -> FALSE | C13: =Users!A13 -> UID-FLH---2027 | D13: Educator | G13: =IF(Educator!B18>0,"active") -> FALSE | L13: status logic Is active
A14: =Educator!$K$2& (LEFT(Educator!$B$4)&MID(Educator!$B$4,FIND("#",SUBSTITUTE(Educator!$B$4&" "," ","#",1))+1,1)&MID(Educator!$B$4,FIND("#",SUBSTITUTE(Educator!$B$4&" "," ","#",2))+1,1))&MID(Educator!$B$4,FIND("#",SUBSTITUTE(Educator!$B$4&" "," ","#",3))+1,1)&"-"&LEFT(Educator!B19, 3)&"-"&LEFT(Educator!A19, 3)&"-"&IF(ISNUMBER(Educator!D19),"G"&Educator!D19,Educator!D19)&"-"&"2027" -> CID-FLH----2027 | B14: =IF(Educator!A19>0,"topscorewriting.instructure.com") -> FALSE | C14: =Users!A14 -> UID-FLH---2027 | D14: Educator | G14: =IF(Educator!B19>0,"active") -> FALSE | L14: Is active
A15: =Educator!$K$2& (LEFT(Educator!$B$4)&MID(Educator!$B$4,FIND("#",SUBSTITUTE(Educator!$B$4&" "," ","#",1))+1,1)&MID(Educator!$B$4,FIND("#",SUBSTITUTE(Educator!$B$4&" "," ","#",2))+1,1))&MID(Educator!$B$4,FIND("#",SUBSTITUTE(Educator!$B$4&" "," ","#",3))+1,1)&"-"&LEFT(Educator!B20, 3)&"-"&LEFT(Educator!A20, 3)&"-"&IF(ISNUMBER(Educator!D20),"G"&Educator!D20,Educator!D20)&"-"&"2027" -> CID-FLH----2027 | B15: =IF(Educator!A20>0,"topscorewriting.instructure.com") -> FALSE | C15: =Users!A15 -> UID-FLH---2027 | D15: Educator | G15: =IF(Educator!B20>0,"active") -> FALSE
A16: =Educator!$K$2& (LEFT(Educator!$B$4)&MID(Educator!$B$4,FIND("#",SUBSTITUTE(Educator!$B$4&" "," ","#",1))+1,1)&MID(Educator!$B$4,FIND("#",SUBSTITUTE(Educator!$B$4&" "," ","#",2))+1,1))&MID(Educator!$B$4,FIND("#",SUBSTITUTE(Educator!$B$4&" "," ","#",3))+1,1)&"-"&LEFT(Educator!B21, 3)&"-"&LEFT(Educator!A21, 3)&"-"&IF(ISNUMBER(Educator!D21),"G"&Educator!D21,Educator!D21)&"-"&"2027" -> CID-FLH----2027 | B16: =IF(Educator!A21>0,"topscorewriting.instructure.com") -> FALSE | C16: =Users!A16 -> UID-FLH---2027 | D16: Educator | G16: =IF(Educator!B21>0,"active") -> FALSE
A17: =Educator!$K$2& (LEFT(Educator!$B$4)&MID(Educator!$B$4,FIND("#",SUBSTITUTE(Educator!$B$4&" "," ","#",1))+1,1)&MID(Educator!$B$4,FIND("#",SUBSTITUTE(Educator!$B$4&" "," ","#",2))+1,1))&MID(Educator!$B$4,FIND("#",SUBSTITUTE(Educator!$B$4&" "," ","#",3))+1,1)&"-"&LEFT(Educator!B22, 3)&"-"&LEFT(Educator!A22, 3)&"-"&IF(ISNUMBER(Educator!D22),"G"&Educator!D22,Educator!D22)&"-"&"2027" -> CID-FLH----2027 | B17: =IF(Educator!A22>0,"topscorewriting.instructure.com") -> FALSE | C17: =Users!A17 -> UID-FLH---2027 | D17: Educator | G17: =IF(Educator!B22>0,"active") -> FALSE
A18: =Educator!$K$2& (LEFT(Educator!$B$4)&MID(Educator!$B$4,FIND("#",SUBSTITUTE(Educator!$B$4&" "," ","#",1))+1,1)&MID(Educator!$B$4,FIND("#",SUBSTITUTE(Educator!$B$4&" "," ","#",2))+1,1))&MID(Educator!$B$4,FIND("#",SUBSTITUTE(Educator!$B$4&" "," ","#",3))+1,1)&"-"&LEFT(Educator!B23, 3)&"-"&LEFT(Educator!A23, 3)&"-"&IF(ISNUMBER(Educator!D23),"G"&Educator!D23,Educator!D23)&"-"&"2027" -> CID-FLH----2027 | B18: =IF(Educator!A23>0,"topscorewriting.instructure.com") -> FALSE | C18: =Users!A18 -> UID-FLH---2027 | D18: Educator | G18: =IF(Educator!B23>0,"active") -> FALSE
A19: =Educator!$K$2& (LEFT(Educator!$B$4)&MID(Educator!$B$4,FIND("#",SUBSTITUTE(Educator!$B$4&" "," ","#",1))+1,1)&MID(Educator!$B$4,FIND("#",SUBSTITUTE(Educator!$B$4&" "," ","#",2))+1,1))&MID(Educator!$B$4,FIND("#",SUBSTITUTE(Educator!$B$4&" "," ","#",3))+1,1)&"-"&LEFT(Educator!B24, 3)&"-"&LEFT(Educator!A24, 3)&"-"&IF(ISNUMBER(Educator!D24),"G"&Educator!D24,Educator!D24)&"-"&"2027" -> CID-FLH----2027 | B19: =IF(Educator!A24>0,"topscorewriting.instructure.com") -> FALSE | C19: =Users!A19 -> UID-FLH---2027 | D19: Educator | G19: =IF(Educator!B24>0,"active") -> FALSE
A20: =Educator!$K$2& (LEFT(Educator!$B$4)&MID(Educator!$B$4,FIND("#",SUBSTITUTE(Educator!$B$4&" "," ","#",1))+1,1)&MID(Educator!$B$4,FIND("#",SUBSTITUTE(Educator!$B$4&" "," ","#",2))+1,1))&MID(Educator!$B$4,FIND("#",SUBSTITUTE(Educator!$B$4&" "," ","#",3))+1,1)&"-"&LEFT(Educator!B25, 3)&"-"&LEFT(Educator!A25, 3)&"-"&IF(ISNUMBER(Educator!D25),"G"&Educator!D25,Educator!D25)&"-"&"2027" -> CID-FLH----2027 | B20: =IF(Educator!A25>0,"topscorewriting.instructure.com") -> FALSE | C20: =Users!A20 -> UID-FLH---2027 | D20: Educator | G20: =IF(Educator!B25>0,"active") -> FALSE
A21: =Educator!$K$2& (LEFT(Educator!$B$4)&MID(Educator!$B$4,FIND("#",SUBSTITUTE(Educator!$B$4&" "," ","#",1))+1,1)&MID(Educator!$B$4,FIND("#",SUBSTITUTE(Educator!$B$4&" "," ","#",2))+1,1))&MID(Educator!$B$4,FIND("#",SUBSTITUTE(Educator!$B$4&" "," ","#",3))+1,1)&"-"&LEFT(Educator!B26, 3)&"-"&LEFT(Educator!A26, 3)&"-"&IF(ISNUMBER(Educator!D26),"G"&Educator!D26,Educator!D26)&"-"&"2027" -> CID-FLH----2027 | B21: =IF(Educator!A26>0,"topscorewriting.instructure.com") -> FALSE | C21: =Users!A21 -> UID-FLH---2027 | D21: Educator | G21: =IF(Educator!B26>0,"active") -> FALSE
A22: =Educator!$K$2& (LEFT(Educator!$B$4)&MID(Educator!$B$4,FIND("#",SUBSTITUTE(Educator!$B$4&" "," ","#",1))+1,1)&MID(Educator!$B$4,FIND("#",SUBSTITUTE(Educator!$B$4&" "," ","#",2))+1,1))&MID(Educator!$B$4,FIND("#",SUBSTITUTE(Educator!$B$4&" "," ","#",3))+1,1)&"-"&LEFT(Educator!B27, 3)&"-"&LEFT(Educator!A27, 3)&"-"&IF(ISNUMBER(Educator!D27),"G"&Educator!D27,Educator!D27)&"-"&"2027" -> CID-FLH----2027 | B22: =IF(Educator!A27>0,"topscorewriting.instructure.com") -> FALSE | C22: =Users!A22 -> UID-FLH---2027 | D22: Educator | G22: =IF(Educator!B27>0,"active") -> FALSE
A23: =Educator!$K$2& (LEFT(Educator!$B$4)&MID(Educator!$B$4,FIND("#",SUBSTITUTE(Educator!$B$4&" "," ","#",1))+1,1)&MID(Educator!$B$4,FIND("#",SUBSTITUTE(Educator!$B$4&" "," ","#",2))+1,1))&MID(Educator!$B$4,FIND("#",SUBSTITUTE(Educator!$B$4&" "," ","#",3))+1,1)&"-"&LEFT(Educator!B28, 3)&"-"&LEFT(Educator!A28, 3)&"-"&IF(ISNUMBER(Educator!D28),"G"&Educator!D28,Educator!D28)&"-"&"2027" -> CID-FLH----2027 | B23: =IF(Educator!A28>0,"topscorewriting.instructure.com") -> FALSE | C23: =Users!A23 -> UID-FLH---2027 | D23: Educator | G23: =IF(Educator!B28>0,"active") -> FALSE
A24: =Educator!$K$2& (LEFT(Educator!$B$4)&MID(Educator!$B$4,FIND("#",SUBSTITUTE(Educator!$B$4&" "," ","#",1))+1,1)&MID(Educator!$B$4,FIND("#",SUBSTITUTE(Educator!$B$4&" "," ","#",2))+1,1))&MID(Educator!$B$4,FIND("#",SUBSTITUTE(Educator!$B$4&" "," ","#",3))+1,1)&"-"&LEFT(Educator!B29, 3)&"-"&LEFT(Educator!A29, 3)&"-"&IF(ISNUMBER(Educator!D29),"G"&Educator!D29,Educator!D29)&"-"&"2027" -> CID-FLH----2027 | B24: =IF(Educator!A29>0,"topscorewriting.instructure.com") -> FALSE | C24: =Users!A24 -> UID-FLH---2027 | D24: Educator | G24: =IF(Educator!B29>0,"active") -> FALSE
A25: =Educator!$K$2& (LEFT(Educator!$B$4)&MID(Educator!$B$4,FIND("#",SUBSTITUTE(Educator!$B$4&" "," ","#",1))+1,1)&MID(Educator!$B$4,FIND("#",SUBSTITUTE(Educator!$B$4&" "," ","#",2))+1,1))&MID(Educator!$B$4,FIND("#",SUBSTITUTE(Educator!$B$4&" "," ","#",3))+1,1)&"-"&LEFT(Educator!B30, 3)&"-"&LEFT(Educator!A30, 3)&"-"&IF(ISNUMBER(Educator!D30),"G"&Educator!D30,Educator!D30)&"-"&"2027" -> CID-FLH----2027 | B25: =IF(Educator!A30>0,"topscorewriting.instructure.com") -> FALSE | C25: =Users!A25 -> UID-FLH---2027 | D25: Educator | G25: =IF(Educator!B30>0,"active") -> FALSE
A26: =Educator!$K$2& (LEFT(Educator!$B$4)&MID(Educator!$B$4,FIND("#",SUBSTITUTE(Educator!$B$4&" "," ","#",1))+1,1)&MID(Educator!$B$4,FIND("#",SUBSTITUTE(Educator!$B$4&" "," ","#",2))+1,1))&MID(Educator!$B$4,FIND("#",SUBSTITUTE(Educator!$B$4&" "," ","#",3))+1,1)&"-"&LEFT(Educator!B31, 3)&"-"&LEFT(Educator!A31, 3)&"-"&IF(ISNUMBER(Educator!D31),"G"&Educator!D31,Educator!D31)&"-"&"2027" -> CID-FLH----2027 | B26: =IF(Educator!A31>0,"topscorewriting.instructure.com") -> FALSE | C26: =Users!A26 -> UID-FLH---2027 | D26: Educator | G26: =IF(Educator!B31>0,"active") -> FALSE
... A649: =Educator!$K$2& (LEFT(Educator!$B$4)&MID(Educator!$B$4,FIND("#",SUBSTITUTE(Educator!$B$4&" "," ","#",1))+1,1)&MID(Educator!$B$4,FIND("#",SUBSTITUTE(Educator!$B$4&" "," ","#",2))+1,1))&MID(Educator!$B$4,FIND("#",SUBSTITUTE(Educator!$B$4&" "," ","#",3))+1,1)&"-"&LEFT(Educator!B654, 3)&"-"&LEFT(Educator!A654, 3)&"-"&IF(ISNUMBER(Educator!D654),"G"&Educator!D654,Educator!D654)&"-"&"2027" -> CID-FLH----2027 | B649: =IF(Educator!A654>0,"topscorewriting.instructure.com") -> FALSE | C649: =Users!A649 -> UID-FLH---2027 | D649: Educator | G649: =IF(Educator!B654>0,"active") -> FALSE
