Workbook

Sheet Sample Email
A1: Top Score Writing TEACHER Implementation Form
A3: District | B3: School | C3: Principal
A4: Top Score ISD | B4: Expository Elementary | C4: Dr. Informative
A6: First Name | B6: Last Name | C6: Email Address | D6: Grade
A7: Opinion | B7: Argumentative | C7: OArgumentative@ExpositoryElementary.com | D7: 4
A8: Expository | B8: Planning | C8: EPlanning@ExpositoryElementary.com | D8: 4
A9: Transition | B9: Words | C9: Twords@ExpositoryElementary.com | D9: 4

Sheet Courses Legend
A1: Course Lists
B3: Grade | C3: Teacher Resources | E3: Grade | F3: Sections | H3: Grade | I3: Boot Camp | K3: Professional Development | M3: Grade | N3: Boot Camp
B4: 2 | C4: 2nd Grade Teacher Lessons and Activities | E4: 2 | F4: 2nd Grade Animated Lessons | H4: 3 | I4: Grade 3 Boot Camp | K4: Professional Development | M4: 3 | N4: 3rd Grade (Homeschool)
B5: 3 | C5: 3rd Grade Teacher Lessons and Activities | E5: 3 | F5: 3rd Grade Animated Lessons | H5: 4 | I5: Grade 4 Boot Camp | K5: Middle School Professional Development | M5: 4 | N5: 4th Grade Animated Lessons (Homeschool)
B6: 4 | C6: 4th Grade Teacher Lessons and Activities | E6: 4 | F6: 4th Grade Animated Lessons | H6: 5 | I6: Grade 5 Boot Camp | M6: 5 | N6: 5th grade Animated Lessons (Homeschool)
B7: 5 | C7: 5th Grade Teacher Lessons and Activities | E7: 5 | F7: 5th grade Animated Lessons
B8: 6 | C8: Middle School Teacher Lessons and Activities | E8: 6 | F8: Middle School Animated Lessons
B9: 7 | C9: Middle School Teacher Lessons and Activities | E9: 7 | F9: Middle School Animated Lessons
B10: 8 | C10: Middle School Teacher Lessons and Activities | E10: 8 | F10: Middle School Animated Lessons
B11: MS | C11: Middle School Teacher Lessons and Activities | E11: MS | F11: Middle School Animated Lessons
B12: 9 | C12: High School Teacher Lessons and Activities | E12: 9 | F12: 9th-12th Grade Animated Lessons
B13: 10 | C13: High School Teacher Lessons and Activities | E13: 10 | F13: 9th-12th Grade Animated Lessons
B14: 11 | C14: High School Teacher Lessons and Activities | E14: 11 | F14: 9th-12th Grade Animated Lessons
B15: 12 | C15: High School Teacher Lessons and Activities | E15: 12 | F15: 9th-12th Grade Animated Lessons
B16: HS | C16: High School Teacher Lessons and Activities | E16: HS | F16: 9th-12th Grade Animated Lessons

Sheet Teachers
A1: Top Score Writing TEACHER Implementation Form | F1: Please fill out all requested information and email to Digital@topscorewriting.com | K1: UID-
F2: Important Notes | K2: CID-
A3: District | B3: School | C3: Point of Contact Email | F3: 1. This form is for TEACHERS ONLY. | K3: EID-
B4: N W F
F5: 3. See the Tabs below for samples of how to fill out the forms using Email.
A6: First Name | B6: Last Name | C6: Email Address | D6: Grade | F6: 4. Please save the file using the following format: Top Score Teacher_SCHOOL NAME.
A7: Monica | B7: Stratmeier | C7: Monica.Stratmeier@k12.sd.us | D7: 8 | F7: 5. If the information is not filled out correctly on this form it could delay your digital implementation.
F8: If you have any questions you can email Digital@topscorewriting.com or call 954-805-5806 Ext 3

Sheet Users
A1: user_id | B1: integration_id | C1: login_id | D1: password | E1: first_name | F1: last_name | G1: full_name | H1: sortable_name | I1: short_name | J1: email | K1: status
A2: =Teachers!$K$1& (LEFT(Teachers!$B$4)&MID(Teachers!$B$4,FIND("#",SUBSTITUTE(Teachers!$B$4&" "," ","#",1))+1,1)&MID(Teachers!$B$4,FIND("#",SUBSTITUTE(Teachers!$B$4&" "," ","#",2))+1,1))&MID(Teachers!$B$4,FIND("#",SUBSTITUTE(Teachers!$B$4&" "," ","#",3))+1,1)&"-"&LEFT(Teachers!B7, 3)&"-"&LEFT(Teachers!A7, 3)&"-"&"2026" -> UID-NWF-Str-Mon-2026 | C2: =Teachers!C7 -> Monica.Stratmeier@k12.sd.us | D2: =IF(C2>0,"topscore123") -> topscore123 | E2: =Teachers!A7 -> Monica | F2: =Teachers!B7 -> Stratmeier | G2: =Teachers!A7 &" " &Teachers!B7 -> Monica Stratmeier | J2: =Teachers!C7 -> Monica.Stratmeier@k12.sd.us | K2: =IF(C2>0,"active") -> active
A3: =Teachers!$K$1& (LEFT(Teachers!$B$4)&MID(Teachers!$B$4,FIND("#",SUBSTITUTE(Teachers!$B$4&" "," ","#",1))+1,1)&MID(Teachers!$B$4,FIND("#",SUBSTITUTE(Teachers!$B$4&" "," ","#",2))+1,1))&MID(Teachers!$B$4,FIND("#",SUBSTITUTE(Teachers!$B$4&" "," ","#",3))+1,1)&"-"&LEFT(Teachers!B8, 3)&"-"&LEFT(Teachers!A8, 3)&"-"&"2026" -> UID-NWF---2026 | C3: =Teachers!C8 -> 0 | D3: =IF(C3>0,"topscore123") -> FALSE | E3: =Teachers!A8 -> 0 | F3: =Teachers!B8 -> 0 | G3: =Teachers!A8 &" " &Teachers!B8 | J3: =Teachers!C8 -> 0 | K3: =IF(C3>0,"active") -> FALSE
A4: =Teachers!$K$1& (LEFT(Teachers!$B$4)&MID(Teachers!$B$4,FIND("#",SUBSTITUTE(Teachers!$B$4&" "," ","#",1))+1,1)&MID(Teachers!$B$4,FIND("#",SUBSTITUTE(Teachers!$B$4&" "," ","#",2))+1,1))&MID(Teachers!$B$4,FIND("#",SUBSTITUTE(Teachers!$B$4&" "," ","#",3))+1,1)&"-"&LEFT(Teachers!B9, 3)&"-"&LEFT(Teachers!A9, 3)&"-"&"2026" -> UID-NWF---2026 | C4: =Teachers!C9 -> 0 | D4: =IF(C4>0,"topscore123") -> FALSE | E4: =Teachers!A9 -> 0 | F4: =Teachers!B9 -> 0 | G4: =Teachers!A9 &" " &Teachers!B9 | J4: =Teachers!C9 -> 0 | K4: =IF(C4>0,"active") -> FALSE
A5: =Teachers!$K$1& (LEFT(Teachers!$B$4)&MID(Teachers!$B$4,FIND("#",SUBSTITUTE(Teachers!$B$4&" "," ","#",1))+1,1)&MID(Teachers!$B$4,FIND("#",SUBSTITUTE(Teachers!$B$4&" "," ","#",2))+1,1))&MID(Teachers!$B$4,FIND("#",SUBSTITUTE(Teachers!$B$4&" "," ","#",3))+1,1)&"-"&LEFT(Teachers!B10, 3)&"-"&LEFT(Teachers!A10, 3)&"-"&"2026" -> UID-NWF---2026 | C5: =Teachers!C10 -> 0 | D5: =IF(C5>0,"topscore123") -> FALSE | E5: =Teachers!A10 -> 0 | F5: =Teachers!B10 -> 0 | G5: =Teachers!A10 &" " &Teachers!B10 | J5: =Teachers!C10 -> 0 | K5: =IF(C5>0,"active") -> FALSE
A6: =Teachers!$K$1& (LEFT(Teachers!$B$4)&MID(Teachers!$B$4,FIND("#",SUBSTITUTE(Teachers!$B$4&" "," ","#",1))+1,1)&MID(Teachers!$B$4,FIND("#",SUBSTITUTE(Teachers!$B$4&" "," ","#",2))+1,1))&MID(Teachers!$B$4,FIND("#",SUBSTITUTE(Teachers!$B$4&" "," ","#",3))+1,1)&"-"&LEFT(Teachers!B11, 3)&"-"&LEFT(Teachers!A11, 3)&"-"&"2026" -> UID-NWF---2026 | C6: =Teachers!C11 -> 0 | D6: =IF(C6>0,"topscore123") -> FALSE | E6: =Teachers!A11 -> 0 | F6: =Teachers!B11 -> 0 | G6: =Teachers!A11 &" " &Teachers!B11 | J6: =Teachers!C11 -> 0 | K6: =IF(C6>0,"active") -> FALSE
A7: =Teachers!$K$1& (LEFT(Teachers!$B$4)&MID(Teachers!$B$4,FIND("#",SUBSTITUTE(Teachers!$B$4&" "," ","#",1))+1,1)&MID(Teachers!$B$4,FIND("#",SUBSTITUTE(Teachers!$B$4&" "," ","#",2))+1,1))&MID(Teachers!$B$4,FIND("#",SUBSTITUTE(Teachers!$B$4&" "," ","#",3))+1,1)&"-"&LEFT(Teachers!B12, 3)&"-"&LEFT(Teachers!A12, 3)&"-"&"2026" -> UID-NWF---2026 | C7: =Teachers!C12 -> 0 | D7: =IF(C7>0,"topscore123") -> FALSE | E7: =Teachers!A12 -> 0 | F7: =Teachers!B12 -> 0 | G7: =Teachers!A12 &" " &Teachers!B12 | J7: =Teachers!C12 -> 0 | K7: =IF(C7>0,"active") -> FALSE
A8: =Teachers!$K$1& (LEFT(Teachers!$B$4)&MID(Teachers!$B$4,FIND("#",SUBSTITUTE(Teachers!$B$4&" "," ","#",1))+1,1)&MID(Teachers!$B$4,FIND("#",SUBSTITUTE(Teachers!$B$4&" "," ","#",2))+1,1))&MID(Teachers!$B$4,FIND("#",SUBSTITUTE(Teachers!$B$4&" "," ","#",3))+1,1)&"-"&LEFT(Teachers!B13, 3)&"-"&LEFT(Teachers!A13, 3)&"-"&"2026" -> UID-NWF---2026 | C8: =Teachers!C13 -> 0 | D8: =IF(C8>0,"topscore123") -> FALSE | E8: =Teachers!A13 -> 0 | F8: =Teachers!B13 -> 0 | G8: =Teachers!A13 &" " &Teachers!B13 | J8: =Teachers!C13 -> 0 | K8: =IF(C8>0,"active") -> FALSE
A9: =Teachers!$K$1& (LEFT(Teachers!$B$4)&MID(Teachers!$B$4,FIND("#",SUBSTITUTE(Teachers!$B$4&" "," ","#",1))+1,1)&MID(Teachers!$B$4,FIND("#",SUBSTITUTE(Teachers!$B$4&" "," ","#",2))+1,1))&MID(Teachers!$B$4,FIND("#",SUBSTITUTE(Teachers!$B$4&" "," ","#",3))+1,1)&"-"&LEFT(Teachers!B14, 3)&"-"&LEFT(Teachers!A14, 3)&"-"&"2026" -> UID-NWF---2026 | C9: =Teachers!C14 -> 0 | D9: =IF(C9>0,"topscore123") -> FALSE | E9: =Teachers!A14 -> 0 | F9: =Teachers!B14 -> 0 | G9: =Teachers!A14 &" " &Teachers!B14 | J9: =Teachers!C14 -> 0 | K9: =IF(C9>0,"active") -> FALSE
A10: =Teachers!$K$1& (LEFT(Teachers!$B$4)&MID(Teachers!$B$4,FIND("#",SUBSTITUTE(Teachers!$B$4&" "," ","#",1))+1,1)&MID(Teachers!$B$4,FIND("#",SUBSTITUTE(Teachers!$B$4&" "," ","#",2))+1,1))&MID(Teachers!$B$4,FIND("#",SUBSTITUTE(Teachers!$B$4&" "," ","#",3))+1,1)&"-"&LEFT(Teachers!B15, 3)&"-"&LEFT(Teachers!A15, 3)&"-"&"2026" -> UID-NWF---2026 | C10: =Teachers!C15 -> 0 | D10: =IF(C10>0,"topscore123") -> FALSE | E10: =Teachers!A15 -> 0 | F10: =Teachers!B15 -> 0 | G10: =Teachers!A15 &" " &Teachers!B15 | J10: =Teachers!C15 -> 0 | K10: =IF(C10>0,"active") -> FALSE
A11: =Teachers!$K$1& (LEFT(Teachers!$B$4)&MID(Teachers!$B$4,FIND("#",SUBSTITUTE(Teachers!$B$4&" "," ","#",1))+1,1)&MID(Teachers!$B$4,FIND("#",SUBSTITUTE(Teachers!$B$4&" "," ","#",2))+1,1))&MID(Teachers!$B$4,FIND("#",SUBSTITUTE(Teachers!$B$4&" "," ","#",3))+1,1)&"-"&LEFT(Teachers!B16, 3)&"-"&LEFT(Teachers!A16, 3)&"-"&"2026" -> UID-NWF---2026 | C11: =Teachers!C16 -> 0 | D11: =IF(C11>0,"topscore123") -> FALSE | E11: =Teachers!A16 -> 0 | F11: =Teachers!B16 -> 0 | G11: =Teachers!A16 &" " &Teachers!B16 | J11: =Teachers!C16 -> 0 | K11: =IF(C11>0,"active") -> FALSE
A12: =Teachers!$K$1& (LEFT(Teachers!$B$4)&MID(Teachers!$B$4,FIND("#",SUBSTITUTE(Teachers!$B$4&" "," ","#",1))+1,1)&MID(Teachers!$B$4,FIND("#",SUBSTITUTE(Teachers!$B$4&" "," ","#",2))+1,1))&MID(Teachers!$B$4,FIND("#",SUBSTITUTE(Teachers!$B$4&" "," ","#",3))+1,1)&"-"&LEFT(Teachers!B17, 3)&"-"&LEFT(Teachers!A17, 3)&"-"&"2026" -> UID-NWF---2026 | C12: =Teachers!C17 -> 0 | D12: =IF(C12>0,"topscore123") -> FALSE | E12: =Teachers!A17 -> 0 | F12: =Teachers!B17 -> 0 | G12: =Teachers!A17 &" " &Teachers!B17 | J12: =Teachers!C17 -> 0 | K12: =IF(C12>0,"active") -> FALSE
A13: =Teachers!$K$1& (LEFT(Teachers!$B$4)&MID(Teachers!$B$4,FIND("#",SUBSTITUTE(Teachers!$B$4&" "," ","#",1))+1,1)&MID(Teachers!$B$4,FIND("#",SUBSTITUTE(Teachers!$B$4&" "," ","#",2))+1,1))&MID(Teachers!$B$4,FIND("#",SUBSTITUTE(Teachers!$B$4&" "," ","#",3))+1,1)&"-"&LEFT(Teachers!B18, 3)&"-"&LEFT(Teachers!A18, 3)&"-"&"2026" -> UID-NWF---2026 | C13: =Teachers!C18 -> 0 | D13: =IF(C13>0,"topscore123") -> FALSE | E13: =Teachers!A18 -> 0 | F13: =Teachers!B18 -> 0 | G13: =Teachers!A18 &" " &Teachers!B18 | J13: =Teachers!C18 -> 0 | K13: =IF(C13>0,"active") -> FALSE
... A200: =Teachers!$K$1& (LEFT(Teachers!$B$4)&MID(Teachers!$B$4,FIND("#",SUBSTITUTE(Teachers!$B$4&" "," ","#",1))+1,1)&MID(Teachers!$B$4,FIND("#",SUBSTITUTE(Teachers!$B$4&" "," ","#",2))+1,1))&MID(Teachers!$B$4,FIND("#",SUBSTITUTE(Teachers!$B$4&" "," ","#",3))+1,1)&"-"&LEFT(Teachers!B205, 3)&"-"&LEFT(Teachers!A205, 3)&"-"&"2026" -> UID-NWF---2026 | C200: =Teachers!C205 -> 0 | D200: =IF(C200>0,"topscore123") -> FALSE | E200: =Teachers!A205 -> 0 | F200: =Teachers!B205 -> 0 | G200: =Teachers!A205 &" " &Teachers!B205 | J200: =Teachers!C205 -> 0 | K200: =IF(C200>0,"active") -> FALSE

Sheet Courses
A1: course_id | B1: short_name | C1: long_name | D1: account_id | E1: term_id | F1: status | G1: start_date | H1: end_date | I1: course_format | J1: blueprint_course_id
A2: =Teachers!$K$2& (LEFT(Teachers!$B$4)&MID(Teachers!$B$4,FIND("#",SUBSTITUTE(Teachers!$B$4&" "," ","#",1))+1,1)&MID(Teachers!$B$4,FIND("#",SUBSTITUTE(Teachers!$B$4&" "," ","#",2))+1,1))&MID(Teachers!$B$4,FIND("#",SUBSTITUTE(Teachers!$B$4&" "," ","#",3))+1,1)&"-"&LEFT(Teachers!B7, 3)&"-"&LEFT(Teachers!A7, 3)&"-"&IF(ISNUMBER(Teachers!D7),"G"&Teachers!D7,Teachers!D7)&"-"&"2026" -> CID-NWF-Str-Mon-G8-2026 | B2: {=Teachers!B7&" "&_xlfn.IFS(AND(ISNUMBER(Teachers!D7),Teachers!D7<>9),"Grade "&Teachers!D7,Teachers!D7=9,"Grade 9-12",ISTEXT(Teachers!D7),Teachers!D7)&" "&"Nationwide"&" "&"25-26"} -> Stratmeier Grade 8 Nationwide 25-26 | C2: =B2 -> Stratmeier Grade 8 Nationwide 25-26 | E2: 25-26 Default | F2: =IF(Teachers!B7>0,"active") -> active | J2: ="BP-"&"TSWNW-"&IF(ISNUMBER(Teachers!D7),""&Teachers!D7,Teachers!D7)&"-"&"2026" -> BP-TSWNW-8-2026 | O2: Course-ID-Logic
A3: =Teachers!$K$2& (LEFT(Teachers!$B$4)&MID(Teachers!$B$4,FIND("#",SUBSTITUTE(Teachers!$B$4&" "," ","#",1))+1,1)&MID(Teachers!$B$4,FIND("#",SUBSTITUTE(Teachers!$B$4&" "," ","#",2))+1,1))&MID(Teachers!$B$4,FIND("#",SUBSTITUTE(Teachers!$B$4&" "," ","#",3))+1,1)&"-"&LEFT(Teachers!B8, 3)&"-"&LEFT(Teachers!A8, 3)&"-"&IF(ISNUMBER(Teachers!D8),"G"&Teachers!D8,Teachers!D8)&"-"&"2026" -> CID-NWF----2026 | B3: {=Teachers!B8&" "&_xlfn.IFS(AND(ISNUMBER(Teachers!D8),Teachers!D8<>9),"Grade "&Teachers!D8,Teachers!D8=9,"Grade 9-12",ISTEXT(Teachers!D8),Teachers!D8)&" "&"Nationwide"&" "&"25-26"} -> #N/A | C3: =B3 -> #N/A | E3: 25-26 Default | F3: =IF(Teachers!B8>0,"active") -> FALSE | J3: ="BP-"&"TSWNW-"&IF(ISNUMBER(Teachers!D8),""&Teachers!D8,Teachers!D8)&"-"&"2026" -> BP-TSWNW--2026 | O3: CID-school initials-teacher first two initials of last name-teacher first two initials of first name-Grade Level (represented as G#)-2021
A4: =Teachers!$K$2& (LEFT(Teachers!$B$4)&MID(Teachers!$B$4,FIND("#",SUBSTITUTE(Teachers!$B$4&" "," ","#",1))+1,1)&MID(Teachers!$B$4,FIND("#",SUBSTITUTE(Teachers!$B$4&" "," ","#",2))+1,1))&MID(Teachers!$B$4,FIND("#",SUBSTITUTE(Teachers!$B$4&" "," ","#",3))+1,1)&"-"&LEFT(Teachers!B9, 3)&"-"&LEFT(Teachers!A9, 3)&"-"&IF(ISNUMBER(Teachers!D9),"G"&Teachers!D9,Teachers!D9)&"-"&"2026" -> CID-NWF----2026 | B4: {=Teachers!B9&" "&_xlfn.IFS(AND(ISNUMBER(Teachers!D9),Teachers!D9<>9),"Grade "&Teachers!D9,Teachers!D9=9,"Grade 9-12",ISTEXT(Teachers!D9),Teachers!D9)&" "&"Nationwide"&" "&"25-26"} -> #N/A | C4: =B4 -> #N/A | E4: 25-26 Default | F4: =IF(Teachers!B9>0,"active") -> FALSE | J4: ="BP-"&"TSWNW-"&IF(ISNUMBER(Teachers!D9),""&Teachers!D9,Teachers!D9)&"-"&"2026" -> BP-TSWNW--2026
A5: =Teachers!$K$2& (LEFT(Teachers!$B$4)&MID(Teachers!$B$4,FIND("#",SUBSTITUTE(Teachers!$B$4&" "," ","#",1))+1,1)&MID(Teachers!$B$4,FIND("#",SUBSTITUTE(Teachers!$B$4&" "," ","#",2))+1,1))&MID(Teachers!$B$4,FIND("#",SUBSTITUTE(Teachers!$B$4&" "," ","#",3))+1,1)&"-"&LEFT(Teachers!B10, 3)&"-"&LEFT(Teachers!A10, 3)&"-"&IF(ISNUMBER(Teachers!D10),"G"&Teachers!D10,Teachers!D10)&"-"&"2026" -> CID-NWF----2026 | B5: {=Teachers!B10&" "&_xlfn.IFS(AND(ISNUMBER(Teachers!D10),Teachers!D10<>9),"Grade "&Teachers!D10,Teachers!D10=9,"Grade 9-12",ISTEXT(Teachers!D10),Teachers!D10)&" "&"Nationwide"&" "&"25-26"} -> #N/A | C5: =B5 -> #N/A | E5: 25-26 Default | F5: =IF(Teachers!B10>0,"active") -> FALSE | J5: ="BP-"&"TSWNW-"&IF(ISNUMBER(Teachers!D10),""&Teachers!D10,Teachers!D10)&"-"&"2026" -> BP-TSWNW--2026 | O5: Short name logic
A6: =Teachers!$K$2& (LEFT(Teachers!$B$4)&MID(Teachers!$B$4,FIND("#",SUBSTITUTE(Teachers!$B$4&" "," ","#",1))+1,1)&MID(Teachers!$B$4,FIND("#",SUBSTITUTE(Teachers!$B$4&" "," ","#",2))+1,1))&MID(Teachers!$B$4,FIND("#",SUBSTITUTE(Teachers!$B$4&" "," ","#",3))+1,1)&"-"&LEFT(Teachers!B11, 3)&"-"&LEFT(Teachers!A11, 3)&"-"&IF(ISNUMBER(Teachers!D11),"G"&Teachers!D11,Teachers!D11)&"-"&"2026" -> CID-NWF----2026 | B6: {=Teachers!B11&" "&_xlfn.IFS(AND(ISNUMBER(Teachers!D11),Teachers!D11<>9),"Grade "&Teachers!D11,Teachers!D11=9,"Grade 9-12",ISTEXT(Teachers!D11),Teachers!D11)&" "&"Nationwide"&" "&"25-26"} -> #N/A | C6: =B6 -> #N/A | E6: 25-26 Default | F6: =IF(Teachers!B11>0,"active") -> FALSE | J6: ="BP-"&"TSWNW-"&IF(ISNUMBER(Teachers!D11),""&Teachers!D11,Teachers!D11)&"-"&"2026" -> BP-TSWNW--2026 | O6: Last name + grade level + 20-21
A7: =Teachers!$K$2& (LEFT(Teachers!$B$4)&MID(Teachers!$B$4,FIND("#",SUBSTITUTE(Teachers!$B$4&" "," ","#",1))+1,1)&MID(Teachers!$B$4,FIND("#",SUBSTITUTE(Teachers!$B$4&" "," ","#",2))+1,1))&MID(Teachers!$B$4,FIND("#",SUBSTITUTE(Teachers!$B$4&" "," ","#",3))+1,1)&"-"&LEFT(Teachers!B12, 3)&"-"&LEFT(Teachers!A12, 3)&"-"&IF(ISNUMBER(Teachers!D12),"G"&Teachers!D12,Teachers!D12)&"-"&"2026" -> CID-NWF----2026 | B7: {=Teachers!B12&" "&_xlfn.IFS(AND(ISNUMBER(Teachers!D12),Teachers!D12<>9),"Grade "&Teachers!D12,Teachers!D12=9,"Grade 9-12",ISTEXT(Teachers!D12),Teachers!D12)&" "&"Nationwide"&" "&"25-26"} -> #N/A | C7: =B7 -> #N/A | E7: 25-26 Default | F7: =IF(Teachers!B12>0,"active") -> FALSE | J7: ="BP-"&"TSWNW-"&IF(ISNUMBER(Teachers!D12),""&Teachers!D12,Teachers!D12)&"-"&"2026" -> BP-TSWNW--2026
A8: =Teachers!$K$2& (LEFT(Teachers!$B$4)&MID(Teachers!$B$4,FIND("#",SUBSTITUTE(Teachers!$B$4&" "," ","#",1))+1,1)&MID(Teachers!$B$4,FIND("#",SUBSTITUTE(Teachers!$B$4&" "," ","#",2))+1,1))&MID(Teachers!$B$4,FIND("#",SUBSTITUTE(Teachers!$B$4&" "," ","#",3))+1,1)&"-"&LEFT(Teachers!B13, 3)&"-"&LEFT(Teachers!A13, 3)&"-"&IF(ISNUMBER(Teachers!D13),"G"&Teachers!D13,Teachers!D13)&"-"&"2026" -> CID-NWF----2026 | B8: {=Teachers!B13&" "&_xlfn.IFS(AND(ISNUMBER(Teachers!D13),Teachers!D13<>9),"Grade "&Teachers!D13,Teachers!D13=9,"Grade 9-12",ISTEXT(Teachers!D13),Teachers!D13)&" "&"Nationwide"&" "&"25-26"} -> #N/A | C8: =B8 -> #N/A | E8: 25-26 Default | F8: =IF(Teachers!B13>0,"active") -> FALSE | J8: ="BP-"&"TSWNW-"&IF(ISNUMBER(Teachers!D13),""&Teachers!D13,Teachers!D13)&"-"&"2026" -> BP-TSWNW--2026 | O8: Long name logic
A9: =Teachers!$K$2& (LEFT(Teachers!$B$4)&MID(Teachers!$B$4,FIND("#",SUBSTITUTE(Teachers!$B$4&" "," ","#",1))+1,1)&MID(Teachers!$B$4,FIND("#",SUBSTITUTE(Teachers!$B$4&" "," ","#",2))+1,1))&MID(Teachers!$B$4,FIND("#",SUBSTITUTE(Teachers!$B$4&" "," ","#",3))+1,1)&"-"&LEFT(Teachers!B14, 3)&"-"&LEFT(Teachers!A14, 3)&"-"&IF(ISNUMBER(Teachers!D14),"G"&Teachers!D14,Teachers!D14)&"-"&"2026" -> CID-NWF----2026 | B9: {=Teachers!B14&" "&_xlfn.IFS(AND(ISNUMBER(Teachers!D14),Teachers!D14<>9),"Grade "&Teachers!D14,Teachers!D14=9,"Grade 9-12",ISTEXT(Teachers!D14),Teachers!D14)&" "&"Nationwide"&" "&"25-26"} -> #N/A | C9: =B9 -> #N/A | E9: 25-26 Default | F9: =IF(Teachers!B14>0,"active") -> FALSE | J9: ="BP-"&"TSWNW-"&IF(ISNUMBER(Teachers!D14),""&Teachers!D14,Teachers!D14)&"-"&"2026" -> BP-TSWNW--2026 | O9: Same as short name
A10: =Teachers!$K$2& (LEFT(Teachers!$B$4)&MID(Teachers!$B$4,FIND("#",SUBSTITUTE(Teachers!$B$4&" "," ","#",1))+1,1)&MID(Teachers!$B$4,FIND("#",SUBSTITUTE(Teachers!$B$4&" "," ","#",2))+1,1))&MID(Teachers!$B$4,FIND("#",SUBSTITUTE(Teachers!$B$4&" "," ","#",3))+1,1)&"-"&LEFT(Teachers!B15, 3)&"-"&LEFT(Teachers!A15, 3)&"-"&IF(ISNUMBER(Teachers!D15),"G"&Teachers!D15,Teachers!D15)&"-"&"2026" -> CID-NWF----2026 | B10: {=Teachers!B15&" "&_xlfn.IFS(AND(ISNUMBER(Teachers!D15),Teachers!D15<>9),"Grade "&Teachers!D15,Teachers!D15=9,"Grade 9-12",ISTEXT(Teachers!D15),Teachers!D15)&" "&"Nationwide"&" "&"25-26"} -> #N/A | C10: =B10 -> #N/A | E10: 25-26 Default | F10: =IF(Teachers!B15>0,"active") -> FALSE | J10: ="BP-"&"TSWNW-"&IF(ISNUMBER(Teachers!D15),""&Teachers!D15,Teachers!D15)&"-"&"2026" -> BP-TSWNW--2026
A11: =Teachers!$K$2& (LEFT(Teachers!$B$4)&MID(Teachers!$B$4,FIND("#",SUBSTITUTE(Teachers!$B$4&" "," ","#",1))+1,1)&MID(Teachers!$B$4,FIND("#",SUBSTITUTE(Teachers!$B$4&" "," ","#",2))+1,1))&MID(Teachers!$B$4,FIND("#",SUBSTITUTE(Teachers!$B$4&" "," ","#",3))+1,1)&"-"&LEFT(Teachers!B16, 3)&"-"&LEFT(Teachers!A16, 3)&"-"&IF(ISNUMBER(Teachers!D16),"G"&Teachers!D16,Teachers!D16)&"-"&"2026" -> CID-NWF----2026 | B11: {=Teachers!B16&" "&_xlfn.IFS(AND(ISNUMBER(Teachers!D16),Teachers!D16<>9),"Grade "&Teachers!D16,Teachers!D16=9,"Grade 9-12",ISTEXT(Teachers!D16),Teachers!D16)&" "&"Nationwide"&" "&"25-26"} -> #N/A | C11: =B11 -> #N/A | E11: 25-26 Default | F11: =IF(Teachers!B16>0,"active") -> FALSE | J11: ="BP-"&"TSWNW-"&IF(ISNUMBER(Teachers!D16),""&Teachers!D16,Teachers!D16)&"-"&"2026" -> BP-TSWNW--2026 | O11: Status logic
A12: =Teachers!$K$2& (LEFT(Teachers!$B$4)&MID(Teachers!$B$4,FIND("#",SUBSTITUTE(Teachers!$B$4&" "," ","#",1))+1,1)&MID(Teachers!$B$4,FIND("#",SUBSTITUTE(Teachers!$B$4&" "," ","#",2))+1,1))&MID(Teachers!$B$4,FIND("#",SUBSTITUTE(Teachers!$B$4&" "," ","#",3))+1,1)&"-"&LEFT(Teachers!B17, 3)&"-"&LEFT(Teachers!A17, 3)&"-"&IF(ISNUMBER(Teachers!D17),"G"&Teachers!D17,Teachers!D17)&"-"&"2026" -> CID-NWF----2026 | B12: {=Teachers!B17&" "&_xlfn.IFS(AND(ISNUMBER(Teachers!D17),Teachers!D17<>9),"Grade "&Teachers!D17,Teachers!D17=9,"Grade 9-12",ISTEXT(Teachers!D17),Teachers!D17)&" "&"Nationwide"&" "&"25-26"} -> #N/A | C12: =B12 -> #N/A | E12: 25-26 Default | F12: =IF(Teachers!B17>0,"active") -> FALSE | J12: ="BP-"&"TSWNW-"&IF(ISNUMBER(Teachers!D17),""&Teachers!D17,Teachers!D17)&"-"&"2026" -> BP-TSWNW--2026 | O12: Active
A13: =Teachers!$K$2& (LEFT(Teachers!$B$4)&MID(Teachers!$B$4,FIND("#",SUBSTITUTE(Teachers!$B$4&" "," ","#",1))+1,1)&MID(Teachers!$B$4,FIND("#",SUBSTITUTE(Teachers!$B$4&" "," ","#",2))+1,1))&MID(Teachers!$B$4,FIND("#",SUBSTITUTE(Teachers!$B$4&" "," ","#",3))+1,1)&"-"&LEFT(Teachers!B18, 3)&"-"&LEFT(Teachers!A18, 3)&"-"&IF(ISNUMBER(Teachers!D18),"G"&Teachers!D18,Teachers!D18)&"-"&"2026" -> CID-NWF----2026 | B13: {=Teachers!B18&" "&_xlfn.IFS(AND(ISNUMBER(Teachers!D18),Teachers!D18<>9),"Grade "&Teachers!D18,Teachers!D18=9,"Grade 9-12",ISTEXT(Teachers!D18),Teachers!D18)&" "&"Nationwide"&" "&"25-26"} -> #N/A | C13: =B13 -> #N/A | E13: 25-26 Default | F13: =IF(Teachers!B18>0,"active") -> FALSE | J13: ="BP-"&"TSWNW-"&IF(ISNUMBER(Teachers!D18),""&Teachers!D18,Teachers!D18)&"-"&"2026" -> BP-TSWNW--2026
A14: =Teachers!$K$2& (LEFT(Teachers!$B$4)&MID(Teachers!$B$4,FIND("#",SUBSTITUTE(Teachers!$B$4&" "," ","#",1))+1,1)&MID(Teachers!$B$4,FIND("#",SUBSTITUTE(Teachers!$B$4&" "," ","#",2))+1,1))&MID(Teachers!$B$4,FIND("#",SUBSTITUTE(Teachers!$B$4&" "," ","#",3))+1,1)&"-"&LEFT(Teachers!B19, 3)&"-"&LEFT(Teachers!A19, 3)&"-"&IF(ISNUMBER(Teachers!D19),"G"&Teachers!D19,Teachers!D19)&"-"&"2026" -> CID-NWF----2026 | B14: {=Teachers!B19&" "&_xlfn.IFS(AND(ISNUMBER(Teachers!D19),Teachers!D19<>9),"Grade "&Teachers!D19,Teachers!D19=9,"Grade 9-12",ISTEXT(Teachers!D19),Teachers!D19)&" "&"Nationwide"&" "&"25-26"} -> #N/A | C14: =B14 -> #N/A | E14: 25-26 Default | F14: =IF(Teachers!B19>0,"active") -> FALSE | J14: ="BP-"&"TSWNW-"&IF(ISNUMBER(Teachers!D19),""&Teachers!D19,Teachers!D19)&"-"&"2026" -> BP-TSWNW--2026 | O14: Blueprint course ID logic
A15: =Teachers!$K$2& (LEFT(Teachers!$B$4)&MID(Teachers!$B$4,FIND("#",SUBSTITUTE(Teachers!$B$4&" "," ","#",1))+1,1)&MID(Teachers!$B$4,FIND("#",SUBSTITUTE(Teachers!$B$4&" "," ","#",2))+1,1))&MID(Teachers!$B$4,FIND("#",SUBSTITUTE(Teachers!$B$4&" "," ","#",3))+1,1)&"-"&LEFT(Teachers!B20, 3)&"-"&LEFT(Teachers!A20, 3)&"-"&IF(ISNUMBER(Teachers!D20),"G"&Teachers!D20,Teachers!D20)&"-"&"2026" -> CID-NWF----2026 | B15: {=Teachers!B20&" "&_xlfn.IFS(AND(ISNUMBER(Teachers!D20),Teachers!D20<>9),"Grade "&Teachers!D20,Teachers!D20=9,"Grade 9-12",ISTEXT(Teachers!D20),Teachers!D20)&" "&"Nationwide"&" "&"25-26"} -> #N/A | C15: =B15 -> #N/A | E15: 25-26 Default | F15: =IF(Teachers!B20>0,"active") -> FALSE | J15: ="BP-"&"TSWNW-"&IF(ISNUMBER(Teachers!D20),""&Teachers!D20,Teachers!D20)&"-"&"2026" -> BP-TSWNW--2026 | O15: SIS ID to match grade
A16: =Teachers!$K$2& (LEFT(Teachers!$B$4)&MID(Teachers!$B$4,FIND("#",SUBSTITUTE(Teachers!$B$4&" "," ","#",1))+1,1)&MID(Teachers!$B$4,FIND("#",SUBSTITUTE(Teachers!$B$4&" "," ","#",2))+1,1))&MID(Teachers!$B$4,FIND("#",SUBSTITUTE(Teachers!$B$4&" "," ","#",3))+1,1)&"-"&LEFT(Teachers!B21, 3)&"-"&LEFT(Teachers!A21, 3)&"-"&IF(ISNUMBER(Teachers!D21),"G"&Teachers!D21,Teachers!D21)&"-"&"2026" -> CID-NWF----2026 | B16: {=Teachers!B21&" "&_xlfn.IFS(AND(ISNUMBER(Teachers!D21),Teachers!D21<>9),"Grade "&Teachers!D21,Teachers!D21=9,"Grade 9-12",ISTEXT(Teachers!D21),Teachers!D21)&" "&"Nationwide"&" "&"25-26"} -> #N/A | C16: =B16 -> #N/A | E16: 25-26 Default | F16: =IF(Teachers!B21>0,"active") -> FALSE | J16: ="BP-"&"TSWNW-"&IF(ISNUMBER(Teachers!D21),""&Teachers!D21,Teachers!D21)&"-"&"2026" -> BP-TSWNW--2026
A17: =Teachers!$K$2& (LEFT(Teachers!$B$4)&MID(Teachers!$B$4,FIND("#",SUBSTITUTE(Teachers!$B$4&" "," ","#",1))+1,1)&MID(Teachers!$B$4,FIND("#",SUBSTITUTE(Teachers!$B$4&" "," ","#",2))+1,1))&MID(Teachers!$B$4,FIND("#",SUBSTITUTE(Teachers!$B$4&" "," ","#",3))+1,1)&"-"&LEFT(Teachers!B22, 3)&"-"&LEFT(Teachers!A22, 3)&"-"&IF(ISNUMBER(Teachers!D22),"G"&Teachers!D22,Teachers!D22)&"-"&"2026" -> CID-NWF----2026 | B17: {=Teachers!B22&" "&_xlfn.IFS(AND(ISNUMBER(Teachers!D22),Teachers!D22<>9),"Grade "&Teachers!D22,Teachers!D22=9,"Grade 9-12",ISTEXT(Teachers!D22),Teachers!D22)&" "&"Nationwide"&" "&"25-26"} -> #N/A | C17: =B17 -> #N/A | E17: 25-26 Default | F17: =IF(Teachers!B22>0,"active") -> FALSE | J17: ="BP-"&"TSWNW-"&IF(ISNUMBER(Teachers!D22),""&Teachers!D22,Teachers!D22)&"-"&"2026" -> BP-TSWNW--2026
A18: =Teachers!$K$2& (LEFT(Teachers!$B$4)&MID(Teachers!$B$4,FIND("#",SUBSTITUTE(Teachers!$B$4&" "," ","#",1))+1,1)&MID(Teachers!$B$4,FIND("#",SUBSTITUTE(Teachers!$B$4&" "," ","#",2))+1,1))&MID(Teachers!$B$4,FIND("#",SUBSTITUTE(Teachers!$B$4&" "," ","#",3))+1,1)&"-"&LEFT(Teachers!B23, 3)&"-"&LEFT(Teachers!A23, 3)&"-"&IF(ISNUMBER(Teachers!D23),"G"&Teachers!D23,Teachers!D23)&"-"&"2026" -> CID-NWF----2026 | B18: {=Teachers!B23&" "&_xlfn.IFS(AND(ISNUMBER(Teachers!D23),Teachers!D23<>9),"Grade "&Teachers!D23,Teachers!D23=9,"Grade 9-12",ISTEXT(Teachers!D23),Teachers!D23)&" "&"Nationwide"&" "&"25-26"} -> #N/A | C18: =B18 -> #N/A | E18: 25-26 Default | F18: =IF(Teachers!B23>0,"active") -> FALSE | J18: ="BP-"&"TSWNW-"&IF(ISNUMBER(Teachers!D23),""&Teachers!D23,Teachers!D23)&"-"&"2026" -> BP-TSWNW--2026
A19: =Teachers!$K$2& (LEFT(Teachers!$B$4)&MID(Teachers!$B$4,FIND("#",SUBSTITUTE(Teachers!$B$4&" "," ","#",1))+1,1)&MID(Teachers!$B$4,FIND("#",SUBSTITUTE(Teachers!$B$4&" "," ","#",2))+1,1))&MID(Teachers!$B$4,FIND("#",SUBSTITUTE(Teachers!$B$4&" "," ","#",3))+1,1)&"-"&LEFT(Teachers!B24, 3)&"-"&LEFT(Teachers!A24, 3)&"-"&IF(ISNUMBER(Teachers!D24),"G"&Teachers!D24,Teachers!D24)&"-"&"2026" -> CID-NWF----2026 | B19: {=Teachers!B24&" "&_xlfn.IFS(AND(ISNUMBER(Teachers!D24),Teachers!D24<>9),"Grade "&Teachers!D24,Teachers!D24=9,"Grade 9-12",ISTEXT(Teachers!D24),Teachers!D24)&" "&"Nationwide"&" "&"25-26"} -> #N/A | C19: =B19 -> #N/A | E19: 25-26 Default | F19: =IF(Teachers!B24>0,"active") -> FALSE | J19: ="BP-"&"TSWNW-"&IF(ISNUMBER(Teachers!D24),""&Teachers!D24,Teachers!D24)&"-"&"2026" -> BP-TSWNW--2026
A20: =Teachers!$K$2& (LEFT(Teachers!$B$4)&MID(Teachers!$B$4,FIND("#",SUBSTITUTE(Teachers!$B$4&" "," ","#",1))+1,1)&MID(Teachers!$B$4,FIND("#",SUBSTITUTE(Teachers!$B$4&" "," ","#",2))+1,1))&MID(Teachers!$B$4,FIND("#",SUBSTITUTE(Teachers!$B$4&" "," ","#",3))+1,1)&"-"&LEFT(Teachers!B25, 3)&"-"&LEFT(Teachers!A25, 3)&"-"&IF(ISNUMBER(Teachers!D25),"G"&Teachers!D25,Teachers!D25)&"-"&"2026" -> CID-NWF----2026 | B20: {=Teachers!B25&" "&_xlfn.IFS(AND(ISNUMBER(Teachers!D25),Teachers!D25<>9),"Grade "&Teachers!D25,Teachers!D25=9,"Grade 9-12",ISTEXT(Teachers!D25),Teachers!D25)&" "&"Nationwide"&" "&"25-26"} -> #N/A | C20: =B20 -> #N/A | E20: 25-26 Default | F20: =IF(Teachers!B25>0,"active") -> FALSE | J20: ="BP-"&"TSWNW-"&IF(ISNUMBER(Teachers!D25),""&Teachers!D25,Teachers!D25)&"-"&"2026" -> BP-TSWNW--2026
A21: =Teachers!$K$2& (LEFT(Teachers!$B$4)&MID(Teachers!$B$4,FIND("#",SUBSTITUTE(Teachers!$B$4&" "," ","#",1))+1,1)&MID(Teachers!$B$4,FIND("#",SUBSTITUTE(Teachers!$B$4&" "," ","#",2))+1,1))&MID(Teachers!$B$4,FIND("#",SUBSTITUTE(Teachers!$B$4&" "," ","#",3))+1,1)&"-"&LEFT(Teachers!B26, 3)&"-"&LEFT(Teachers!A26, 3)&"-"&IF(ISNUMBER(Teachers!D26),"G"&Teachers!D26,Teachers!D26)&"-"&"2026" -> CID-NWF----2026 | B21: {=Teachers!B26&" "&_xlfn.IFS(AND(ISNUMBER(Teachers!D26),Teachers!D26<>9),"Grade "&Teachers!D26,Teachers!D26=9,"Grade 9-12",ISTEXT(Teachers!D26),Teachers!D26)&" "&"Nationwide"&" "&"25-26"} -> #N/A | C21: =B21 -> #N/A | E21: 25-26 Default | F21: =IF(Teachers!B26>0,"active") -> FALSE | J21: ="BP-"&"TSWNW-"&IF(ISNUMBER(Teachers!D26),""&Teachers!D26,Teachers!D26)&"-"&"2026" -> BP-TSWNW--2026
A22: =Teachers!$K$2& (LEFT(Teachers!$B$4)&MID(Teachers!$B$4,FIND("#",SUBSTITUTE(Teachers!$B$4&" "," ","#",1))+1,1)&MID(Teachers!$B$4,FIND("#",SUBSTITUTE(Teachers!$B$4&" "," ","#",2))+1,1))&MID(Teachers!$B$4,FIND("#",SUBSTITUTE(Teachers!$B$4&" "," ","#",3))+1,1)&"-"&LEFT(Teachers!B27, 3)&"-"&LEFT(Teachers!A27, 3)&"-"&IF(ISNUMBER(Teachers!D27),"G"&Teachers!D27,Teachers!D27)&"-"&"2026" -> CID-NWF----2026 | B22: {=Teachers!B27&" "&_xlfn.IFS(AND(ISNUMBER(Teachers!D27),Teachers!D27<>9),"Grade "&Teachers!D27,Teachers!D27=9,"Grade 9-12",ISTEXT(Teachers!D27),Teachers!D27)&" "&"Nationwide"&" "&"25-26"} -> #N/A | C22: =B22 -> #N/A | E22: 25-26 Default | F22: =IF(Teachers!B27>0,"active") -> FALSE | J22: ="BP-"&"TSWNW-"&IF(ISNUMBER(Teachers!D27),""&Teachers!D27,Teachers!D27)&"-"&"2026" -> BP-TSWNW--2026
A23: =Teachers!$K$2& (LEFT(Teachers!$B$4)&MID(Teachers!$B$4,FIND("#",SUBSTITUTE(Teachers!$B$4&" "," ","#",1))+1,1)&MID(Teachers!$B$4,FIND("#",SUBSTITUTE(Teachers!$B$4&" "," ","#",2))+1,1))&MID(Teachers!$B$4,FIND("#",SUBSTITUTE(Teachers!$B$4&" "," ","#",3))+1,1)&"-"&LEFT(Teachers!B28, 3)&"-"&LEFT(Teachers!A28, 3)&"-"&IF(ISNUMBER(Teachers!D28),"G"&Teachers!D28,Teachers!D28)&"-"&"2026" -> CID-NWF----2026 | B23: {=Teachers!B28&" "&_xlfn.IFS(AND(ISNUMBER(Teachers!D28),Teachers!D28<>9),"Grade "&Teachers!D28,Teachers!D28=9,"Grade 9-12",ISTEXT(Teachers!D28),Teachers!D28)&" "&"Nationwide"&" "&"25-26"} -> #N/A | C23: =B23 -> #N/A | E23: 25-26 Default | F23: =IF(Teachers!B28>0,"active") -> FALSE | J23: ="BP-"&"TSWNW-"&IF(ISNUMBER(Teachers!D28),""&Teachers!D28,Teachers!D28)&"-"&"2026" -> BP-TSWNW--2026
A24: =Teachers!$K$2& (LEFT(Teachers!$B$4)&MID(Teachers!$B$4,FIND("#",SUBSTITUTE(Teachers!$B$4&" "," ","#",1))+1,1)&MID(Teachers!$B$4,FIND("#",SUBSTITUTE(Teachers!$B$4&" "," ","#",2))+1,1))&MID(Teachers!$B$4,FIND("#",SUBSTITUTE(Teachers!$B$4&" "," ","#",3))+1,1)&"-"&LEFT(Teachers!B29, 3)&"-"&LEFT(Teachers!A29, 3)&"-"&IF(ISNUMBER(Teachers!D29),"G"&Teachers!D29,Teachers!D29)&"-"&"2026" -> CID-NWF----2026 | B24: {=Teachers!B29&" "&_xlfn.IFS(AND(ISNUMBER(Teachers!D29),Teachers!D29<>9),"Grade "&Teachers!D29,Teachers!D29=9,"Grade 9-12",ISTEXT(Teachers!D29),Teachers!D29)&" "&"Nationwide"&" "&"25-26"} -> #N/A | C24: =B24 -> #N/A | E24: 25-26 Default | F24: =IF(Teachers!B29>0,"active") -> FALSE | J24: ="BP-"&"TSWNW-"&IF(ISNUMBER(Teachers!D29),""&Teachers!D29,Teachers!D29)&"-"&"2026" -> BP-TSWNW--2026
A25: =Teachers!$K$2& (LEFT(Teachers!$B$4)&MID(Teachers!$B$4,FIND("#",SUBSTITUTE(Teachers!$B$4&" "," ","#",1))+1,1)&MID(Teachers!$B$4,FIND("#",SUBSTITUTE(Teachers!$B$4&" "," ","#",2))+1,1))&MID(Teachers!$B$4,FIND("#",SUBSTITUTE(Teachers!$B$4&" "," ","#",3))+1,1)&"-"&LEFT(Teachers!B30, 3)&"-"&LEFT(Teachers!A30, 3)&"-"&IF(ISNUMBER(Teachers!D30),"G"&Teachers!D30,Teachers!D30)&"-"&"2026" -> CID-NWF----2026 | B25: {=Teachers!B30&" "&_xlfn.IFS(AND(ISNUMBER(Teachers!D30),Teachers!D30<>9),"Grade "&Teachers!D30,Teachers!D30=9,"Grade 9-12",ISTEXT(Teachers!D30),Teachers!D30)&" "&"Nationwide"&" "&"25-26"} -> #N/A | C25: =B25 -> #N/A | E25: 25-26 Default | F25: =IF(Teachers!B30>0,"active") -> FALSE | J25: ="BP-"&"TSWNW-"&IF(ISNUMBER(Teachers!D30),""&Teachers!D30,Teachers!D30)&"-"&"2026" -> BP-TSWNW--2026
A26: =Teachers!$K$2& (LEFT(Teachers!$B$4)&MID(Teachers!$B$4,FIND("#",SUBSTITUTE(Teachers!$B$4&" "," ","#",1))+1,1)&MID(Teachers!$B$4,FIND("#",SUBSTITUTE(Teachers!$B$4&" "," ","#",2))+1,1))&MID(Teachers!$B$4,FIND("#",SUBSTITUTE(Teachers!$B$4&" "," ","#",3))+1,1)&"-"&LEFT(Teachers!B31, 3)&"-"&LEFT(Teachers!A31, 3)&"-"&IF(ISNUMBER(Teachers!D31),"G"&Teachers!D31,Teachers!D31)&"-"&"2026" -> CID-NWF----2026 | B26: {=Teachers!B31&" "&_xlfn.IFS(AND(ISNUMBER(Teachers!D31),Teachers!D31<>9),"Grade "&Teachers!D31,Teachers!D31=9,"Grade 9-12",ISTEXT(Teachers!D31),Teachers!D31)&" "&"Nationwide"&" "&"25-26"} -> #N/A | C26: =B26 -> #N/A | E26: 25-26 Default | F26: =IF(Teachers!B31>0,"active") -> FALSE | J26: ="BP-"&"TSWNW-"&IF(ISNUMBER(Teachers!D31),""&Teachers!D31,Teachers!D31)&"-"&"2026" -> BP-TSWNW--2026
A27: =Teachers!$K$2& (LEFT(Teachers!$B$4)&MID(Teachers!$B$4,FIND("#",SUBSTITUTE(Teachers!$B$4&" "," ","#",1))+1,1)&MID(Teachers!$B$4,FIND("#",SUBSTITUTE(Teachers!$B$4&" "," ","#",2))+1,1))&MID(Teachers!$B$4,FIND("#",SUBSTITUTE(Teachers!$B$4&" "," ","#",3))+1,1)&"-"&LEFT(Teachers!B32, 3)&"-"&LEFT(Teachers!A32, 3)&"-"&IF(ISNUMBER(Teachers!D32),"G"&Teachers!D32,Teachers!D32)&"-"&"2026" -> CID-NWF----2026 | B27: {=Teachers!B32&" "&_xlfn.IFS(AND(ISNUMBER(Teachers!D32),Teachers!D32<>9),"Grade "&Teachers!D32,Teachers!D32=9,"Grade 9-12",ISTEXT(Teachers!D32),Teachers!D32)&" "&"Nationwide"&" "&"25-26"} -> #N/A | C27: =B27 -> #N/A | E27: 25-26 Default | F27: =IF(Teachers!B32>0,"active") -> FALSE | J27: ="BP-"&"TSWNW-"&IF(ISNUMBER(Teachers!D32),""&Teachers!D32,Teachers!D32)&"-"&"2026" -> BP-TSWNW--2026
... A123: =Teachers!$K$2& (LEFT(Teachers!$B$4)&MID(Teachers!$B$4,FIND("#",SUBSTITUTE(Teachers!$B$4&" "," ","#",1))+1,1)&MID(Teachers!$B$4,FIND("#",SUBSTITUTE(Teachers!$B$4&" "," ","#",2))+1,1))&MID(Teachers!$B$4,FIND("#",SUBSTITUTE(Teachers!$B$4&" "," ","#",3))+1,1)&"-"&LEFT(Teachers!B128, 3)&"-"&LEFT(Teachers!A128, 3)&"-"&IF(ISNUMBER(Teachers!D128),"G"&Teachers!D128,Teachers!D128)&"-"&"2026" -> CID-NWF----2026 | B123: {=Teachers!B128&" "&_xlfn.IFS(AND(ISNUMBER(Teachers!D128),Teachers!D128<>9),"Grade "&Teachers!D128,Teachers!D128=9,"Grade 9-12",ISTEXT(Teachers!D128),Teachers!D128)&" "&"Nationwide"&" "&"25-26"} -> #N/A | C123: =B123 -> #N/A | E123: 25-26 Default | F123: =IF(Teachers!B128>0,"active") -> FALSE | J123: ="BP-"&"TSWNW-"&IF(ISNUMBER(Teachers!D128),""&Teachers!D128,Teachers!D128)&"-"&"2026" -> BP-TSWNW--2026

Sheet Enrollment
A1: course_id | B1: root_account | C1: user_id | D1: role | E1: role_id | F1: section_id | G1: status | H1: associated_user_id | I1: limit_section_privileges
A2: =Teachers!$K$2& (LEFT(Teachers!$B$4)&MID(Teachers!$B$4,FIND("#",SUBSTITUTE(Teachers!$B$4&" "," ","#",1))+1,1)&MID(Teachers!$B$4,FIND("#",SUBSTITUTE(Teachers!$B$4&" "," ","#",2))+1,1))&MID(Teachers!$B$4,FIND("#",SUBSTITUTE(Teachers!$B$4&" "," ","#",3))+1,1)&"-"&LEFT(Teachers!B7, 3)&"-"&LEFT(Teachers!A7, 3)&"-"&IF(ISNUMBER(Teachers!D7),"G"&Teachers!D7,Teachers!D7)&"-"&"2026" -> CID-NWF-Str-Mon-G8-2026 | B2: =IF(Teachers!A7>0,"topscorewriting.instructure.com") -> topscorewriting.instructure.com | C2: =Users!A2 -> UID-NWF-Str-Mon-2026 | D2: ="Teacher" -> Teacher | G2: =IF(Teachers!B7>0,"active") -> active | L2: Enrollment ID logic
A3: =Teachers!$K$2& (LEFT(Teachers!$B$4)&MID(Teachers!$B$4,FIND("#",SUBSTITUTE(Teachers!$B$4&" "," ","#",1))+1,1)&MID(Teachers!$B$4,FIND("#",SUBSTITUTE(Teachers!$B$4&" "," ","#",2))+1,1))&MID(Teachers!$B$4,FIND("#",SUBSTITUTE(Teachers!$B$4&" "," ","#",3))+1,1)&"-"&LEFT(Teachers!B8, 3)&"-"&LEFT(Teachers!A8, 3)&"-"&IF(ISNUMBER(Teachers!D8),"G"&Teachers!D8,Teachers!D8)&"-"&"2026" -> CID-NWF----2026 | B3: =IF(Teachers!A8>0,"topscorewriting.instructure.com") -> FALSE | C3: =Users!A3 -> UID-NWF---2026 | D3: ="Teacher" -> Teacher | G3: =IF(Teachers!B8>0,"active") -> FALSE | L3: Same as CID on course tab Cell A
A4: =Teachers!$K$2& (LEFT(Teachers!$B$4)&MID(Teachers!$B$4,FIND("#",SUBSTITUTE(Teachers!$B$4&" "," ","#",1))+1,1)&MID(Teachers!$B$4,FIND("#",SUBSTITUTE(Teachers!$B$4&" "," ","#",2))+1,1))&MID(Teachers!$B$4,FIND("#",SUBSTITUTE(Teachers!$B$4&" "," ","#",3))+1,1)&"-"&LEFT(Teachers!B9, 3)&"-"&LEFT(Teachers!A9, 3)&"-"&IF(ISNUMBER(Teachers!D9),"G"&Teachers!D9,Teachers!D9)&"-"&"2026" -> CID-NWF----2026 | B4: =IF(Teachers!A9>0,"topscorewriting.instructure.com") -> FALSE | C4: =Users!A4 -> UID-NWF---2026 | D4: ="Teacher" -> Teacher | G4: =IF(Teachers!B9>0,"active") -> FALSE
A5: =Teachers!$K$2& (LEFT(Teachers!$B$4)&MID(Teachers!$B$4,FIND("#",SUBSTITUTE(Teachers!$B$4&" "," ","#",1))+1,1)&MID(Teachers!$B$4,FIND("#",SUBSTITUTE(Teachers!$B$4&" "," ","#",2))+1,1))&MID(Teachers!$B$4,FIND("#",SUBSTITUTE(Teachers!$B$4&" "," ","#",3))+1,1)&"-"&LEFT(Teachers!B10, 3)&"-"&LEFT(Teachers!A10, 3)&"-"&IF(ISNUMBER(Teachers!D10),"G"&Teachers!D10,Teachers!D10)&"-"&"2026" -> CID-NWF----2026 | B5: =IF(Teachers!A10>0,"topscorewriting.instructure.com") -> FALSE | C5: =Users!A5 -> UID-NWF---2026 | D5: ="Teacher" -> Teacher | G5: =IF(Teachers!B10>0,"active") -> FALSE | L5: Root account
A6: =Teachers!$K$2& (LEFT(Teachers!$B$4)&MID(Teachers!$B$4,FIND("#",SUBSTITUTE(Teachers!$B$4&" "," ","#",1))+1,1)&MID(Teachers!$B$4,FIND("#",SUBSTITUTE(Teachers!$B$4&" "," ","#",2))+1,1))&MID(Teachers!$B$4,FIND("#",SUBSTITUTE(Teachers!$B$4&" "," ","#",3))+1,1)&"-"&LEFT(Teachers!B11, 3)&"-"&LEFT(Teachers!A11, 3)&"-"&IF(ISNUMBER(Teachers!D11),"G"&Teachers!D11,Teachers!D11)&"-"&"2026" -> CID-NWF----2026 | B6: =IF(Teachers!A11>0,"topscorewriting.instructure.com") -> FALSE | C6: =Users!A6 -> UID-NWF---2026 | D6: ="Teacher" -> Teacher | G6: =IF(Teachers!B11>0,"active") -> FALSE | L6: Always topscorewriting.instructure.com
A7: =Teachers!$K$2& (LEFT(Teachers!$B$4)&MID(Teachers!$B$4,FIND("#",SUBSTITUTE(Teachers!$B$4&" "," ","#",1))+1,1)&MID(Teachers!$B$4,FIND("#",SUBSTITUTE(Teachers!$B$4&" "," ","#",2))+1,1))&MID(Teachers!$B$4,FIND("#",SUBSTITUTE(Teachers!$B$4&" "," ","#",3))+1,1)&"-"&LEFT(Teachers!B12, 3)&"-"&LEFT(Teachers!A12, 3)&"-"&IF(ISNUMBER(Teachers!D12),"G"&Teachers!D12,Teachers!D12)&"-"&"2026" -> CID-NWF----2026 | B7: =IF(Teachers!A12>0,"topscorewriting.instructure.com") -> FALSE | C7: =Users!A7 -> UID-NWF---2026 | D7: ="Teacher" -> Teacher | G7: =IF(Teachers!B12>0,"active") -> FALSE
A8: =Teachers!$K$2& (LEFT(Teachers!$B$4)&MID(Teachers!$B$4,FIND("#",SUBSTITUTE(Teachers!$B$4&" "," ","#",1))+1,1)&MID(Teachers!$B$4,FIND("#",SUBSTITUTE(Teachers!$B$4&" "," ","#",2))+1,1))&MID(Teachers!$B$4,FIND("#",SUBSTITUTE(Teachers!$B$4&" "," ","#",3))+1,1)&"-"&LEFT(Teachers!B13, 3)&"-"&LEFT(Teachers!A13, 3)&"-"&IF(ISNUMBER(Teachers!D13),"G"&Teachers!D13,Teachers!D13)&"-"&"2026" -> CID-NWF----2026 | B8: =IF(Teachers!A13>0,"topscorewriting.instructure.com") -> FALSE | C8: =Users!A8 -> UID-NWF---2026 | D8: ="Teacher" -> Teacher | G8: =IF(Teachers!B13>0,"active") -> FALSE | L8: user ID logic
A9: =Teachers!$K$2& (LEFT(Teachers!$B$4)&MID(Teachers!$B$4,FIND("#",SUBSTITUTE(Teachers!$B$4&" "," ","#",1))+1,1)&MID(Teachers!$B$4,FIND("#",SUBSTITUTE(Teachers!$B$4&" "," ","#",2))+1,1))&MID(Teachers!$B$4,FIND("#",SUBSTITUTE(Teachers!$B$4&" "," ","#",3))+1,1)&"-"&LEFT(Teachers!B14, 3)&"-"&LEFT(Teachers!A14, 3)&"-"&IF(ISNUMBER(Teachers!D14),"G"&Teachers!D14,Teachers!D14)&"-"&"2026" -> CID-NWF----2026 | B9: =IF(Teachers!A14>0,"topscorewriting.instructure.com") -> FALSE | C9: =Users!A9 -> UID-NWF---2026 | D9: ="Teacher" -> Teacher | G9: =IF(Teachers!B14>0,"active") -> FALSE | L9: Same as user sheet cell A
A10: =Teachers!$K$2& (LEFT(Teachers!$B$4)&MID(Teachers!$B$4,FIND("#",SUBSTITUTE(Teachers!$B$4&" "," ","#",1))+1,1)&MID(Teachers!$B$4,FIND("#",SUBSTITUTE(Teachers!$B$4&" "," ","#",2))+1,1))&MID(Teachers!$B$4,FIND("#",SUBSTITUTE(Teachers!$B$4&" "," ","#",3))+1,1)&"-"&LEFT(Teachers!B15, 3)&"-"&LEFT(Teachers!A15, 3)&"-"&IF(ISNUMBER(Teachers!D15),"G"&Teachers!D15,Teachers!D15)&"-"&"2026" -> CID-NWF----2026 | B10: =IF(Teachers!A15>0,"topscorewriting.instructure.com") -> FALSE | C10: =Users!A10 -> UID-NWF---2026 | D10: ="Teacher" -> Teacher | G10: =IF(Teachers!B15>0,"active") -> FALSE
A11: =Teachers!$K$2& (LEFT(Teachers!$B$4)&MID(Teachers!$B$4,FIND("#",SUBSTITUTE(Teachers!$B$4&" "," ","#",1))+1,1)&MID(Teachers!$B$4,FIND("#",SUBSTITUTE(Teachers!$B$4&" "," ","#",2))+1,1))&MID(Teachers!$B$4,FIND("#",SUBSTITUTE(Teachers!$B$4&" "," ","#",3))+1,1)&"-"&LEFT(Teachers!B16, 3)&"-"&LEFT(Teachers!A16, 3)&"-"&IF(ISNUMBER(Teachers!D16),"G"&Teachers!D16,Teachers!D16)&"-"&"2026" -> CID-NWF----2026 | B11: =IF(Teachers!A16>0,"topscorewriting.instructure.com") -> FALSE | C11: =Users!A11 -> UID-NWF---2026 | D11: ="Teacher" -> Teacher | G11: =IF(Teachers!B16>0,"active") -> FALSE | L11: Role logic is always teacher
A12: =Teachers!$K$2& (LEFT(Teachers!$B$4)&MID(Teachers!$B$4,FIND("#",SUBSTITUTE(Teachers!$B$4&" "," ","#",1))+1,1)&MID(Teachers!$B$4,FIND("#",SUBSTITUTE(Teachers!$B$4&" "," ","#",2))+1,1))&MID(Teachers!$B$4,FIND("#",SUBSTITUTE(Teachers!$B$4&" "," ","#",3))+1,1)&"-"&LEFT(Teachers!B17, 3)&"-"&LEFT(Teachers!A17, 3)&"-"&IF(ISNUMBER(Teachers!D17),"G"&Teachers!D17,Teachers!D17)&"-"&"2026" -> CID-NWF----2026 | B12: =IF(Teachers!A17>0,"topscorewriting.instructure.com") -> FALSE | C12: =Users!A12 -> UID-NWF---2026 | D12: ="Teacher" -> Teacher | G12: =IF(Teachers!B17>0,"active") -> FALSE
A13: =Teachers!$K$2& (LEFT(Teachers!$B$4)&MID(Teachers!$B$4,FIND("#",SUBSTITUTE(Teachers!$B$4&" "," ","#",1))+1,1)&MID(Teachers!$B$4,FIND("#",SUBSTITUTE(Teachers!$B$4&" "," ","#",2))+1,1))&MID(Teachers!$B$4,FIND("#",SUBSTITUTE(Teachers!$B$4&" "," ","#",3))+1,1)&"-"&LEFT(Teachers!B18, 3)&"-"&LEFT(Teachers!A18, 3)&"-"&IF(ISNUMBER(Teachers!D18),"G"&Teachers!D18,Teachers!D18)&"-"&"2026" -> CID-NWF----2026 | B13: =IF(Teachers!A18>0,"topscorewriting.instructure.com") -> FALSE | C13: =Users!A13 -> UID-NWF---2026 | D13: ="Teacher" -> Teacher | G13: =IF(Teachers!B18>0,"active") -> FALSE | L13: status logic Is active
A14: =Teachers!$K$2& (LEFT(Teachers!$B$4)&MID(Teachers!$B$4,FIND("#",SUBSTITUTE(Teachers!$B$4&" "," ","#",1))+1,1)&MID(Teachers!$B$4,FIND("#",SUBSTITUTE(Teachers!$B$4&" "," ","#",2))+1,1))&MID(Teachers!$B$4,FIND("#",SUBSTITUTE(Teachers!$B$4&" "," ","#",3))+1,1)&"-"&LEFT(Teachers!B19, 3)&"-"&LEFT(Teachers!A19, 3)&"-"&IF(ISNUMBER(Teachers!D19),"G"&Teachers!D19,Teachers!D19)&"-"&"2026" -> CID-NWF----2026 | B14: =IF(Teachers!A19>0,"topscorewriting.instructure.com") -> FALSE | C14: =Users!A14 -> UID-NWF---2026 | D14: ="Teacher" -> Teacher | G14: =IF(Teachers!B19>0,"active") -> FALSE | L14: Is active
A15: =Teachers!$K$2& (LEFT(Teachers!$B$4)&MID(Teachers!$B$4,FIND("#",SUBSTITUTE(Teachers!$B$4&" "," ","#",1))+1,1)&MID(Teachers!$B$4,FIND("#",SUBSTITUTE(Teachers!$B$4&" "," ","#",2))+1,1))&MID(Teachers!$B$4,FIND("#",SUBSTITUTE(Teachers!$B$4&" "," ","#",3))+1,1)&"-"&LEFT(Teachers!B20, 3)&"-"&LEFT(Teachers!A20, 3)&"-"&IF(ISNUMBER(Teachers!D20),"G"&Teachers!D20,Teachers!D20)&"-"&"2026" -> CID-NWF----2026 | B15: =IF(Teachers!A20>0,"topscorewriting.instructure.com") -> FALSE | C15: =Users!A15 -> UID-NWF---2026 | D15: ="Teacher" -> Teacher | G15: =IF(Teachers!B20>0,"active") -> FALSE
A16: =Teachers!$K$2& (LEFT(Teachers!$B$4)&MID(Teachers!$B$4,FIND("#",SUBSTITUTE(Teachers!$B$4&" "," ","#",1))+1,1)&MID(Teachers!$B$4,FIND("#",SUBSTITUTE(Teachers!$B$4&" "," ","#",2))+1,1))&MID(Teachers!$B$4,FIND("#",SUBSTITUTE(Teachers!$B$4&" "," ","#",3))+1,1)&"-"&LEFT(Teachers!B21, 3)&"-"&LEFT(Teachers!A21, 3)&"-"&IF(ISNUMBER(Teachers!D21),"G"&Teachers!D21,Teachers!D21)&"-"&"2026" -> CID-NWF----2026 | B16: =IF(Teachers!A21>0,"topscorewriting.instructure.com") -> FALSE | C16: =Users!A16 -> UID-NWF---2026 | D16: ="Teacher" -> Teacher | G16: =IF(Teachers!B21>0,"active") -> FALSE
A17: =Teachers!$K$2& (LEFT(Teachers!$B$4)&MID(Teachers!$B$4,FIND("#",SUBSTITUTE(Teachers!$B$4&" "," ","#",1))+1,1)&MID(Teachers!$B$4,FIND("#",SUBSTITUTE(Teachers!$B$4&" "," ","#",2))+1,1))&MID(Teachers!$B$4,FIND("#",SUBSTITUTE(Teachers!$B$4&" "," ","#",3))+1,1)&"-"&LEFT(Teachers!B22, 3)&"-"&LEFT(Teachers!A22, 3)&"-"&IF(ISNUMBER(Teachers!D22),"G"&Teachers!D22,Teachers!D22)&"-"&"2026" -> CID-NWF----2026 | B17: =IF(Teachers!A22>0,"topscorewriting.instructure.com") -> FALSE | C17: =Users!A17 -> UID-NWF---2026 | D17: ="Teacher" -> Teacher | G17: =IF(Teachers!B22>0,"active") -> FALSE
A18: =Teachers!$K$2& (LEFT(Teachers!$B$4)&MID(Teachers!$B$4,FIND("#",SUBSTITUTE(Teachers!$B$4&" "," ","#",1))+1,1)&MID(Teachers!$B$4,FIND("#",SUBSTITUTE(Teachers!$B$4&" "," ","#",2))+1,1))&MID(Teachers!$B$4,FIND("#",SUBSTITUTE(Teachers!$B$4&" "," ","#",3))+1,1)&"-"&LEFT(Teachers!B23, 3)&"-"&LEFT(Teachers!A23, 3)&"-"&IF(ISNUMBER(Teachers!D23),"G"&Teachers!D23,Teachers!D23)&"-"&"2026" -> CID-NWF----2026 | B18: =IF(Teachers!A23>0,"topscorewriting.instructure.com") -> FALSE | C18: =Users!A18 -> UID-NWF---2026 | D18: ="Teacher" -> Teacher | G18: =IF(Teachers!B23>0,"active") -> FALSE
A19: =Teachers!$K$2& (LEFT(Teachers!$B$4)&MID(Teachers!$B$4,FIND("#",SUBSTITUTE(Teachers!$B$4&" "," ","#",1))+1,1)&MID(Teachers!$B$4,FIND("#",SUBSTITUTE(Teachers!$B$4&" "," ","#",2))+1,1))&MID(Teachers!$B$4,FIND("#",SUBSTITUTE(Teachers!$B$4&" "," ","#",3))+1,1)&"-"&LEFT(Teachers!B24, 3)&"-"&LEFT(Teachers!A24, 3)&"-"&IF(ISNUMBER(Teachers!D24),"G"&Teachers!D24,Teachers!D24)&"-"&"2026" -> CID-NWF----2026 | B19: =IF(Teachers!A24>0,"topscorewriting.instructure.com") -> FALSE | C19: =Users!A19 -> UID-NWF---2026 | D19: ="Teacher" -> Teacher | G19: =IF(Teachers!B24>0,"active") -> FALSE
A20: =Teachers!$K$2& (LEFT(Teachers!$B$4)&MID(Teachers!$B$4,FIND("#",SUBSTITUTE(Teachers!$B$4&" "," ","#",1))+1,1)&MID(Teachers!$B$4,FIND("#",SUBSTITUTE(Teachers!$B$4&" "," ","#",2))+1,1))&MID(Teachers!$B$4,FIND("#",SUBSTITUTE(Teachers!$B$4&" "," ","#",3))+1,1)&"-"&LEFT(Teachers!B25, 3)&"-"&LEFT(Teachers!A25, 3)&"-"&IF(ISNUMBER(Teachers!D25),"G"&Teachers!D25,Teachers!D25)&"-"&"2026" -> CID-NWF----2026 | B20: =IF(Teachers!A25>0,"topscorewriting.instructure.com") -> FALSE | C20: =Users!A20 -> UID-NWF---2026 | D20: ="Teacher" -> Teacher | G20: =IF(Teachers!B25>0,"active") -> FALSE
A21: =Teachers!$K$2& (LEFT(Teachers!$B$4)&MID(Teachers!$B$4,FIND("#",SUBSTITUTE(Teachers!$B$4&" "," ","#",1))+1,1)&MID(Teachers!$B$4,FIND("#",SUBSTITUTE(Teachers!$B$4&" "," ","#",2))+1,1))&MID(Teachers!$B$4,FIND("#",SUBSTITUTE(Teachers!$B$4&" "," ","#",3))+1,1)&"-"&LEFT(Teachers!B26, 3)&"-"&LEFT(Teachers!A26, 3)&"-"&IF(ISNUMBER(Teachers!D26),"G"&Teachers!D26,Teachers!D26)&"-"&"2026" -> CID-NWF----2026 | B21: =IF(Teachers!A26>0,"topscorewriting.instructure.com") -> FALSE | C21: =Users!A21 -> UID-NWF---2026 | D21: ="Teacher" -> Teacher | G21: =IF(Teachers!B26>0,"active") -> FALSE
A22: =Teachers!$K$2& (LEFT(Teachers!$B$4)&MID(Teachers!$B$4,FIND("#",SUBSTITUTE(Teachers!$B$4&" "," ","#",1))+1,1)&MID(Teachers!$B$4,FIND("#",SUBSTITUTE(Teachers!$B$4&" "," ","#",2))+1,1))&MID(Teachers!$B$4,FIND("#",SUBSTITUTE(Teachers!$B$4&" "," ","#",3))+1,1)&"-"&LEFT(Teachers!B27, 3)&"-"&LEFT(Teachers!A27, 3)&"-"&IF(ISNUMBER(Teachers!D27),"G"&Teachers!D27,Teachers!D27)&"-"&"2026" -> CID-NWF----2026 | B22: =IF(Teachers!A27>0,"topscorewriting.instructure.com") -> FALSE | C22: =Users!A22 -> UID-NWF---2026 | D22: ="Teacher" -> Teacher | G22: =IF(Teachers!B27>0,"active") -> FALSE
A23: =Teachers!$K$2& (LEFT(Teachers!$B$4)&MID(Teachers!$B$4,FIND("#",SUBSTITUTE(Teachers!$B$4&" "," ","#",1))+1,1)&MID(Teachers!$B$4,FIND("#",SUBSTITUTE(Teachers!$B$4&" "," ","#",2))+1,1))&MID(Teachers!$B$4,FIND("#",SUBSTITUTE(Teachers!$B$4&" "," ","#",3))+1,1)&"-"&LEFT(Teachers!B28, 3)&"-"&LEFT(Teachers!A28, 3)&"-"&IF(ISNUMBER(Teachers!D28),"G"&Teachers!D28,Teachers!D28)&"-"&"2026" -> CID-NWF----2026 | B23: =IF(Teachers!A28>0,"topscorewriting.instructure.com") -> FALSE | C23: =Users!A23 -> UID-NWF---2026 | D23: ="Teacher" -> Teacher | G23: =IF(Teachers!B28>0,"active") -> FALSE
A24: =Teachers!$K$2& (LEFT(Teachers!$B$4)&MID(Teachers!$B$4,FIND("#",SUBSTITUTE(Teachers!$B$4&" "," ","#",1))+1,1)&MID(Teachers!$B$4,FIND("#",SUBSTITUTE(Teachers!$B$4&" "," ","#",2))+1,1))&MID(Teachers!$B$4,FIND("#",SUBSTITUTE(Teachers!$B$4&" "," ","#",3))+1,1)&"-"&LEFT(Teachers!B29, 3)&"-"&LEFT(Teachers!A29, 3)&"-"&IF(ISNUMBER(Teachers!D29),"G"&Teachers!D29,Teachers!D29)&"-"&"2026" -> CID-NWF----2026 | B24: =IF(Teachers!A29>0,"topscorewriting.instructure.com") -> FALSE | C24: =Users!A24 -> UID-NWF---2026 | D24: ="Teacher" -> Teacher | G24: =IF(Teachers!B29>0,"active") -> FALSE
A25: =Teachers!$K$2& (LEFT(Teachers!$B$4)&MID(Teachers!$B$4,FIND("#",SUBSTITUTE(Teachers!$B$4&" "," ","#",1))+1,1)&MID(Teachers!$B$4,FIND("#",SUBSTITUTE(Teachers!$B$4&" "," ","#",2))+1,1))&MID(Teachers!$B$4,FIND("#",SUBSTITUTE(Teachers!$B$4&" "," ","#",3))+1,1)&"-"&LEFT(Teachers!B30, 3)&"-"&LEFT(Teachers!A30, 3)&"-"&IF(ISNUMBER(Teachers!D30),"G"&Teachers!D30,Teachers!D30)&"-"&"2026" -> CID-NWF----2026 | B25: =IF(Teachers!A30>0,"topscorewriting.instructure.com") -> FALSE | C25: =Users!A25 -> UID-NWF---2026 | D25: ="Teacher" -> Teacher | G25: =IF(Teachers!B30>0,"active") -> FALSE
A26: =Teachers!$K$2& (LEFT(Teachers!$B$4)&MID(Teachers!$B$4,FIND("#",SUBSTITUTE(Teachers!$B$4&" "," ","#",1))+1,1)&MID(Teachers!$B$4,FIND("#",SUBSTITUTE(Teachers!$B$4&" "," ","#",2))+1,1))&MID(Teachers!$B$4,FIND("#",SUBSTITUTE(Teachers!$B$4&" "," ","#",3))+1,1)&"-"&LEFT(Teachers!B31, 3)&"-"&LEFT(Teachers!A31, 3)&"-"&IF(ISNUMBER(Teachers!D31),"G"&Teachers!D31,Teachers!D31)&"-"&"2026" -> CID-NWF----2026 | B26: =IF(Teachers!A31>0,"topscorewriting.instructure.com") -> FALSE | C26: =Users!A26 -> UID-NWF---2026 | D26: ="Teacher" -> Teacher | G26: =IF(Teachers!B31>0,"active") -> FALSE
... A110: =Teachers!$K$2& (LEFT(Teachers!$B$4)&MID(Teachers!$B$4,FIND("#",SUBSTITUTE(Teachers!$B$4&" "," ","#",1))+1,1)&MID(Teachers!$B$4,FIND("#",SUBSTITUTE(Teachers!$B$4&" "," ","#",2))+1,1))&MID(Teachers!$B$4,FIND("#",SUBSTITUTE(Teachers!$B$4&" "," ","#",3))+1,1)&"-"&LEFT(Teachers!B115, 3)&"-"&LEFT(Teachers!A115, 3)&"-"&IF(ISNUMBER(Teachers!D115),"G"&Teachers!D115,Teachers!D115)&"-"&"2026" -> CID-NWF----2026 | B110: =IF(Teachers!A115>0,"topscorewriting.instructure.com") -> FALSE | C110: =Users!A110 -> UID-NWF---2026 | D110: ="Teacher" -> Teacher | G110: =IF(Teachers!B115>0,"active") -> FALSE
A111: =Teachers!$K$2& (LEFT(Teachers!$B$4)&MID(Teachers!$B$4,FIND("#",SUBSTITUTE(Teachers!$B$4&" "," ","#",1))+1,1)&MID(Teachers!$B$4,FIND("#",SUBSTITUTE(Teachers!$B$4&" "," ","#",2))+1,1))&MID(Teachers!$B$4,FIND("#",SUBSTITUTE(Teachers!$B$4&" "," ","#",3))+1,1)&"-"&LEFT(Teachers!B116, 3)&"-"&LEFT(Teachers!A116, 3)&"-"&IF(ISNUMBER(Teachers!D116),"G"&Teachers!D116,Teachers!D116)&"-"&"2026n" -> CID-NWF----2026n | B111: =IF(Teachers!A116>0,"topscorewriting.instructure.com") -> FALSE | C111: =Users!A111 -> UID-NWF---2026 | D111: ="Teacher" -> Teacher | G111: =IF(Teachers!B116>0,"active") -> FALSE
A112: =Teachers!$K$2& (LEFT(Teachers!$B$4)&MID(Teachers!$B$4,FIND("#",SUBSTITUTE(Teachers!$B$4&" "," ","#",1))+1,1)&MID(Teachers!$B$4,FIND("#",SUBSTITUTE(Teachers!$B$4&" "," ","#",2))+1,1))&MID(Teachers!$B$4,FIND("#",SUBSTITUTE(Teachers!$B$4&" "," ","#",3))+1,1)&"-"&LEFT(Teachers!B117, 3)&"-"&LEFT(Teachers!A117, 3)&"-"&IF(ISNUMBER(Teachers!D117),"G"&Teachers!D117,Teachers!D117)&"-"&"2026n" -> CID-NWF----2026n | B112: =IF(Teachers!A117>0,"topscorewriting.instructure.com") -> FALSE | C112: =Users!A112 -> UID-NWF---2026 | D112: ="Teacher" -> Teacher | G112: =IF(Teachers!B117>0,"active") -> FALSE
A113: =Teachers!$K$2& (LEFT(Teachers!$B$4)&MID(Teachers!$B$4,FIND("#",SUBSTITUTE(Teachers!$B$4&" "," ","#",1))+1,1)&MID(Teachers!$B$4,FIND("#",SUBSTITUTE(Teachers!$B$4&" "," ","#",2))+1,1))&MID(Teachers!$B$4,FIND("#",SUBSTITUTE(Teachers!$B$4&" "," ","#",3))+1,1)&"-"&LEFT(Teachers!B118, 3)&"-"&LEFT(Teachers!A118, 3)&"-"&IF(ISNUMBER(Teachers!D118),"G"&Teachers!D118,Teachers!D118)&"-"&"2026n" -> CID-NWF----2026n | B113: =IF(Teachers!A118>0,"topscorewriting.instructure.com") -> FALSE | C113: =Users!A113 -> UID-NWF---2026 | D113: ="Teacher" -> Teacher | G113: =IF(Teachers!B118>0,"active") -> FALSE
A114: =Teachers!$K$2& (LEFT(Teachers!$B$4)&MID(Teachers!$B$4,FIND("#",SUBSTITUTE(Teachers!$B$4&" "," ","#",1))+1,1)&MID(Teachers!$B$4,FIND("#",SUBSTITUTE(Teachers!$B$4&" "," ","#",2))+1,1))&MID(Teachers!$B$4,FIND("#",SUBSTITUTE(Teachers!$B$4&" "," ","#",3))+1,1)&"-"&LEFT(Teachers!B119, 3)&"-"&LEFT(Teachers!A119, 3)&"-"&IF(ISNUMBER(Teachers!D119),"G"&Teachers!D119,Teachers!D119)&"-"&"2026n" -> CID-NWF----2026n | B114: =IF(Teachers!A119>0,"topscorewriting.instructure.com") -> FALSE | C114: =Users!A114 -> UID-NWF---2026 | D114: ="Teacher" -> Teacher | G114: =IF(Teachers!B119>0,"active") -> FALSE
A115: =Teachers!$K$2& (LEFT(Teachers!$B$4)&MID(Teachers!$B$4,FIND("#",SUBSTITUTE(Teachers!$B$4&" "," ","#",1))+1,1)&MID(Teachers!$B$4,FIND("#",SUBSTITUTE(Teachers!$B$4&" "," ","#",2))+1,1))&MID(Teachers!$B$4,FIND("#",SUBSTITUTE(Teachers!$B$4&" "," ","#",3))+1,1)&"-"&LEFT(Teachers!B120, 3)&"-"&LEFT(Teachers!A120, 3)&"-"&IF(ISNUMBER(Teachers!D120),"G"&Teachers!D120,Teachers!D120)&"-"&"2026n" -> CID-NWF----2026n | B115: =IF(Teachers!A120>0,"topscorewriting.instructure.com") -> FALSE | C115: =Users!A115 -> UID-NWF---2026 | D115: ="Teacher" -> Teacher | G115: =IF(Teachers!B120>0,"active") -> FALSE
A116: =Teachers!$K$2& (LEFT(Teachers!$B$4)&MID(Teachers!$B$4,FIND("#",SUBSTITUTE(Teachers!$B$4&" "," ","#",1))+1,1)&MID(Teachers!$B$4,FIND("#",SUBSTITUTE(Teachers!$B$4&" "," ","#",2))+1,1))&MID(Teachers!$B$4,FIND("#",SUBSTITUTE(Teachers!$B$4&" "," ","#",3))+1,1)&"-"&LEFT(Teachers!B121, 3)&"-"&LEFT(Teachers!A121, 3)&"-"&IF(ISNUMBER(Teachers!D121),"G"&Teachers!D121,Teachers!D121)&"-"&"2026n" -> CID-NWF----2026n | B116: =IF(Teachers!A121>0,"topscorewriting.instructure.com") -> FALSE | C116: =Users!A116 -> UID-NWF---2026 | D116: ="Teacher" -> Teacher | G116: =IF(Teachers!B121>0,"active") -> FALSE
A117: =Teachers!$K$2& (LEFT(Teachers!$B$4)&MID(Teachers!$B$4,FIND("#",SUBSTITUTE(Teachers!$B$4&" "," ","#",1))+1,1)&MID(Teachers!$B$4,FIND("#",SUBSTITUTE(Teachers!$B$4&" "," ","#",2))+1,1))&MID(Teachers!$B$4,FIND("#",SUBSTITUTE(Teachers!$B$4&" "," ","#",3))+1,1)&"-"&LEFT(Teachers!B122, 3)&"-"&LEFT(Teachers!A122, 3)&"-"&IF(ISNUMBER(Teachers!D122),"G"&Teachers!D122,Teachers!D122)&"-"&"2026n" -> CID-NWF----2026n | B117: =IF(Teachers!A122>0,"topscorewriting.instructure.com") -> FALSE | C117: =Users!A117 -> UID-NWF---2026 | D117: ="Teacher" -> Teacher | G117: =IF(Teachers!B122>0,"active") -> FALSE
